Record Length,2.500000e+03,,   0.000000186000,   4.72000,
Sample Interval,2.000000e-10,,   0.000000186200,   4.72000,
Trigger Point,-9.300000000000e+02,,   0.000000186400,   4.72000,
,,,   0.000000186600,   4.72000,
,,,   0.000000186800,   4.72000,
,,,   0.000000187000,   4.72000,
Source,CH2,,   0.000000187200,   4.76000,
Vertical Units,V,,   0.000000187400,   4.76000,
Vertical Scale,1.000000e+00,,   0.000000187600,   4.76000,
Vertical Offset,-2.720000e+00,,   0.000000187800,   4.76000,
Horizontal Units,s,,   0.000000188000,   4.76000,
Horizontal Scale,5.000000e-08,,   0.000000188200,   4.76000,
Pt Fmt,Y,,   0.000000188400,   4.76000,
Yzero,0.000000e+00,,   0.000000188600,   4.76000,
Probe Atten,1.000000e+01,,   0.000000188800,   4.76000,
Model Number,TBS1072B-EDU,,   0.000000189000,   4.76000,
Serial Number,C031464,,   0.000000189200,   4.76000,
Firmware Version,FV:v4.06,,   0.000000189400,   4.76000,
,,,0.000000189600,   4.72000,
,,,0.000000189800,   4.72000,
,,,0.000000190000,   4.76000,
,,,0.000000190200,   4.76000,
,,,0.000000190400,   4.76000,
,,,0.000000190600,   4.76000,
,,,0.000000190800,   4.80000,
,,,0.000000191000,   4.80000,
,,,0.000000191200,   4.84000,
,,,0.000000191400,   4.84000,
,,,0.000000191600,   4.84000,
,,,0.000000191800,   4.84000,
,,,0.000000192000,   4.84000,
,,,0.000000192200,   4.84000,
,,,0.000000192400,   4.80000,
,,,0.000000192600,   4.80000,
,,,0.000000192800,   4.80000,
,,,0.000000193000,   4.80000,
,,,0.000000193200,   4.80000,
,,,0.000000193400,   4.80000,
,,,0.000000193600,   4.80000,
,,,0.000000193800,   4.80000,
,,,0.000000194000,   4.80000,
,,,0.000000194200,   4.84000,
,,,0.000000194400,   4.84000,
,,,0.000000194600,   4.84000,
,,,0.000000194800,   4.84000,
,,,0.000000195000,   4.84000,
,,,0.000000195200,   4.84000,
,,,0.000000195400,   4.84000,
,,,0.000000195600,   4.84000,
,,,0.000000195800,   4.84000,
,,,0.000000196000,   4.84000,
,,,0.000000196200,   4.88000,
,,,0.000000196400,   4.88000,
,,,0.000000196600,   4.88000,
,,,0.000000196800,   4.88000,
,,,0.000000197000,   4.88000,
,,,0.000000197200,   4.88000,
,,,0.000000197400,   4.88000,
,,,0.000000197600,   4.88000,
,,,0.000000197800,   4.88000,
,,,0.000000198000,   4.88000,
,,,0.000000198200,   4.92000,
,,,0.000000198400,   4.92000,
,,,0.000000198600,   4.92000,
,,,0.000000198800,   4.92000,
,,,0.000000199000,   4.96000,
,,,0.000000199200,   4.96000,
,,,0.000000199400,   4.92000,
,,,0.000000199600,   4.92000,
,,,0.000000199800,   4.92000,
,,,0.000000200000,   4.92000,
,,,0.000000200200,   4.92000,
,,,0.000000200400,   4.92000,
,,,0.000000200600,   4.92000,
,,,0.000000200800,   4.92000,
,,,0.000000201000,   4.92000,
,,,0.000000201200,   4.96000,
,,,0.000000201400,   4.96000,
,,,0.000000201600,   4.96000,
,,,0.000000201800,   4.96000,
,,,0.000000202000,   4.96000,
,,,0.000000202200,   4.96000,
,,,0.000000202400,   4.96000,
,,,0.000000202600,   4.96000,
,,,0.000000202800,   4.96000,
,,,0.000000203000,   4.96000,
,,,0.000000203200,   4.96000,
,,,0.000000203400,   4.96000,
,,,0.000000203600,   4.96000,
,,,0.000000203800,   4.96000,
,,,0.000000204000,   4.96000,
,,,0.000000204200,   5.00000,
,,,0.000000204400,   5.00000,
,,,0.000000204600,   5.00000,
,,,0.000000204800,   5.00000,
,,,0.000000205000,   5.00000,
,,,0.000000205200,   5.04000,
,,,0.000000205400,   5.04000,
,,,0.000000205600,   5.04000,
,,,0.000000205800,   5.04000,
,,,0.000000206000,   5.08000,
,,,0.000000206200,   5.08000,
,,,0.000000206400,   5.04000,
,,,0.000000206600,   5.04000,
,,,0.000000206800,   5.04000,
,,,0.000000207000,   5.04000,
,,,0.000000207200,   5.04000,
,,,0.000000207400,   5.04000,
,,,0.000000207600,   5.04000,
,,,0.000000207800,   5.04000,
,,,0.000000208000,   5.04000,
,,,0.000000208200,   5.08000,
,,,0.000000208400,   5.04000,
,,,0.000000208600,   5.04000,
,,,0.000000208800,   5.04000,
,,,0.000000209000,   5.04000,
,,,0.000000209200,   5.04000,
,,,0.000000209400,   5.04000,
,,,0.000000209600,   5.04000,
,,,0.000000209800,   5.04000,
,,,0.000000210000,   5.04000,
,,,0.000000210200,   5.08000,
,,,0.000000210400,   5.08000,
,,,0.000000210600,   5.08000,
,,,0.000000210800,   5.08000,
,,,0.000000211000,   5.12000,
,,,0.000000211200,   5.12000,
,,,0.000000211400,   5.08000,
,,,0.000000211600,   5.08000,
,,,0.000000211800,   5.08000,
,,,0.000000212000,   5.08000,
,,,0.000000212200,   5.08000,
,,,0.000000212400,   5.08000,
,,,0.000000212600,   5.08000,
,,,0.000000212800,   5.08000,
,,,0.000000213000,   5.08000,
,,,0.000000213200,   5.08000,
,,,0.000000213400,   5.08000,
,,,0.000000213600,   5.08000,
,,,0.000000213800,   5.08000,
,,,0.000000214000,   5.08000,
,,,0.000000214200,   5.08000,
,,,0.000000214400,   5.04000,
,,,0.000000214600,   5.04000,
,,,0.000000214800,   5.04000,
,,,0.000000215000,   5.04000,
,,,0.000000215200,   5.04000,
,,,0.000000215400,   5.00000,
,,,0.000000215600,   5.00000,
,,,0.000000215800,   5.00000,
,,,0.000000216000,   5.00000,
,,,0.000000216200,   5.00000,
,,,0.000000216400,   4.96000,
,,,0.000000216600,   4.96000,
,,,0.000000216800,   4.96000,
,,,0.000000217000,   4.96000,
,,,0.000000217200,   4.96000,
,,,0.000000217400,   4.92000,
,,,0.000000217600,   4.92000,
,,,0.000000217800,   4.92000,
,,,0.000000218000,   4.92000,
,,,0.000000218200,   4.92000,
,,,0.000000218400,   4.88000,
,,,0.000000218600,   4.88000,
,,,0.000000218800,   4.88000,
,,,0.000000219000,   4.88000,
,,,0.000000219200,   4.88000,
,,,0.000000219400,   4.88000,
,,,0.000000219600,   4.88000,
,,,0.000000219800,   4.88000,
,,,0.000000220000,   4.88000,
,,,0.000000220200,   4.88000,
,,,0.000000220400,   4.88000,
,,,0.000000220600,   4.88000,
,,,0.000000220800,   4.88000,
,,,0.000000221000,   4.88000,
,,,0.000000221200,   4.88000,
,,,0.000000221400,   4.84000,
,,,0.000000221600,   4.84000,
,,,0.000000221800,   4.84000,
,,,0.000000222000,   4.80000,
,,,0.000000222200,   4.80000,
,,,0.000000222400,   4.76000,
,,,0.000000222600,   4.76000,
,,,0.000000222800,   4.72000,
,,,0.000000223000,   4.72000,
,,,0.000000223200,   4.72000,
,,,0.000000223400,   4.68000,
,,,0.000000223600,   4.68000,
,,,0.000000223800,   4.64000,
,,,0.000000224000,   4.64000,
,,,0.000000224200,   4.64000,
,,,0.000000224400,   4.64000,
,,,0.000000224600,   4.64000,
,,,0.000000224800,   4.64000,
,,,0.000000225000,   4.64000,
,,,0.000000225200,   4.64000,
,,,0.000000225400,   4.60000,
,,,0.000000225600,   4.60000,
,,,0.000000225800,   4.60000,
,,,0.000000226000,   4.56000,
,,,0.000000226200,   4.56000,
,,,0.000000226400,   4.52000,
,,,0.000000226600,   4.52000,
,,,0.000000226800,   4.48000,
,,,0.000000227000,   4.48000,
,,,0.000000227200,   4.48000,
,,,0.000000227400,   4.44000,
,,,0.000000227600,   4.44000,
,,,0.000000227800,   4.40000,
,,,0.000000228000,   4.40000,
,,,0.000000228200,   4.40000,
,,,0.000000228400,   4.36000,
,,,0.000000228600,   4.36000,
,,,0.000000228800,   4.32000,
,,,0.000000229000,   4.32000,
,,,0.000000229200,   4.32000,
,,,0.000000229400,   4.28000,
,,,0.000000229600,   4.28000,
,,,0.000000229800,   4.24000,
,,,0.000000230000,   4.24000,
,,,0.000000230200,   4.24000,
,,,0.000000230400,   4.20000,
,,,0.000000230600,   4.20000,
,,,0.000000230800,   4.20000,
,,,0.000000231000,   4.16000,
,,,0.000000231200,   4.16000,
,,,0.000000231400,   4.12000,
,,,0.000000231600,   4.08000,
,,,0.000000231800,   4.08000,
,,,0.000000232000,   4.04000,
,,,0.000000232200,   4.04000,
,,,0.000000232400,   4.00000,
,,,0.000000232600,   4.00000,
,,,0.000000232800,   3.96000,
,,,0.000000233000,   3.96000,
,,,0.000000233200,   3.96000,
,,,0.000000233400,   3.92000,
,,,0.000000233600,   3.92000,
,,,0.000000233800,   3.92000,
,,,0.000000234000,   3.88000,
,,,0.000000234200,   3.88000,
,,,0.000000234400,   3.84000,
,,,0.000000234600,   3.80000,
,,,0.000000234800,   3.80000,
,,,0.000000235000,   3.76000,
,,,0.000000235200,   3.76000,
,,,0.000000235400,   3.72000,
,,,0.000000235600,   3.72000,
,,,0.000000235800,   3.68000,
,,,0.000000236000,   3.68000,
,,,0.000000236200,   3.68000,
,,,0.000000236400,   3.64000,
,,,0.000000236600,   3.60000,
,,,0.000000236800,   3.60000,
,,,0.000000237000,   3.56000,
,,,0.000000237200,   3.56000,
,,,0.000000237400,   3.52000,
,,,0.000000237600,   3.48000,
,,,0.000000237800,   3.48000,
,,,0.000000238000,   3.44000,
,,,0.000000238200,   3.44000,
,,,0.000000238400,   3.40000,
,,,0.000000238600,   3.40000,
,,,0.000000238800,   3.36000,
,,,0.000000239000,   3.36000,
,,,0.000000239200,   3.36000,
,,,0.000000239400,   3.32000,
,,,0.000000239600,   3.28000,
,,,0.000000239800,   3.28000,
,,,0.000000240000,   3.24000,
,,,0.000000240200,   3.24000,
,,,0.000000240400,   3.20000,
,,,0.000000240600,   3.16000,
,,,0.000000240800,   3.16000,
,,,0.000000241000,   3.12000,
,,,0.000000241200,   3.12000,
,,,0.000000241400,   3.08000,
,,,0.000000241600,   3.08000,
,,,0.000000241800,   3.04000,
,,,0.000000242000,   3.04000,
,,,0.000000242200,   3.04000,
,,,0.000000242400,   3.00000,
,,,0.000000242600,   2.96000,
,,,0.000000242800,   2.96000,
,,,0.000000243000,   2.92000,
,,,0.000000243200,   2.92000,
,,,0.000000243400,   2.88000,
,,,0.000000243600,   2.84000,
,,,0.000000243800,   2.84000,
,,,0.000000244000,   2.80000,
,,,0.000000244200,   2.80000,
,,,0.000000244400,   2.76000,
,,,0.000000244600,   2.76000,
,,,0.000000244800,   2.72000,
,,,0.000000245000,   2.72000,
,,,0.000000245200,   2.72000,
,,,0.000000245400,   2.68000,
,,,0.000000245600,   2.64000,
,,,0.000000245800,   2.64000,
,,,0.000000246000,   2.60000,
,,,0.000000246200,   2.60000,
,,,0.000000246400,   2.56000,
,,,0.000000246600,   2.52000,
,,,0.000000246800,   2.52000,
,,,0.000000247000,   2.48000,
,,,0.000000247200,   2.48000,
,,,0.000000247400,   2.44000,
,,,0.000000247600,   2.40000,
,,,0.000000247800,   2.40000,
,,,0.000000248000,   2.36000,
,,,0.000000248200,   2.36000,
,,,0.000000248400,   2.32000,
,,,0.000000248600,   2.28000,
,,,0.000000248800,   2.28000,
,,,0.000000249000,   2.24000,
,,,0.000000249200,   2.24000,
,,,0.000000249400,   2.20000,
,,,0.000000249600,   2.16000,
,,,0.000000249800,   2.16000,
,,,0.000000250000,   2.12000,
,,,0.000000250200,   2.12000,
,,,0.000000250400,   2.08000,
,,,0.000000250600,   2.04000,
,,,0.000000250800,   2.00000,
,,,0.000000251000,   1.96000,
,,,0.000000251200,   1.96000,
,,,0.000000251400,   1.92000,
,,,0.000000251600,   1.92000,
,,,0.000000251800,   1.88000,
,,,0.000000252000,   1.88000,
,,,0.000000252200,   1.88000,
,,,0.000000252400,   1.84000,
,,,0.000000252600,   1.80000,
,,,0.000000252800,   1.80000,
,,,0.000000253000,   1.76000,
,,,0.000000253200,   1.76000,
,,,0.000000253400,   1.72000,
,,,0.000000253600,   1.68000,
,,,0.000000253800,   1.68000,
,,,0.000000254000,   1.64000,
,,,0.000000254200,   1.64000,
,,,0.000000254400,   1.60000,
,,,0.000000254600,   1.60000,
,,,0.000000254800,   1.56000,
,,,0.000000255000,   1.56000,
,,,0.000000255200,   1.56000,
,,,0.000000255400,   1.52000,
,,,0.000000255600,   1.48000,
,,,0.000000255800,   1.48000,
,,,0.000000256000,   1.44000,
,,,0.000000256200,   1.44000,
,,,0.000000256400,   1.40000,
,,,0.000000256600,   1.40000,
,,,0.000000256800,   1.36000,
,,,0.000000257000,   1.36000,
,,,0.000000257200,   1.36000,
,,,0.000000257400,   1.32000,
,,,0.000000257600,   1.32000,
,,,0.000000257800,   1.32000,
,,,0.000000258000,   1.28000,
,,,0.000000258200,   1.28000,
,,,0.000000258400,   1.24000,
,,,0.000000258600,   1.20000,
,,,0.000000258800,   1.20000,
,,,0.000000259000,   1.16000,
,,,0.000000259200,   1.16000,
,,,0.000000259400,   1.12000,
,,,0.000000259600,   1.12000,
,,,0.000000259800,   1.08000,
,,,0.000000260000,   1.08000,
,,,0.000000260200,   1.08000,
,,,0.000000260400,   1.04000,
,,,0.000000260600,   1.04000,
,,,0.000000260800,   1.04000,
,,,0.000000261000,   1.00000,
,,,0.000000261200,   1.00000,
,,,0.000000261400,   0.96000,
,,,0.000000261600,   0.92000,
,,,0.000000261800,   0.92000,
,,,0.000000262000,   0.88000,
,,,0.000000262200,   0.88000,
,,,0.000000262400,   0.84000,
,,,0.000000262600,   0.84000,
,,,0.000000262800,   0.80000,
,,,0.000000263000,   0.80000,
,,,0.000000263200,   0.80000,
,,,0.000000263400,   0.80000,
,,,0.000000263600,   0.80000,
,,,0.000000263800,   0.80000,
,,,0.000000264000,   0.80000,
,,,0.000000264200,   0.80000,
,,,0.000000264400,   0.76000,
,,,0.000000264600,   0.72000,
,,,0.000000264800,   0.72000,
,,,0.000000265000,   0.68000,
,,,0.000000265200,   0.68000,
,,,0.000000265400,   0.64000,
,,,0.000000265600,   0.64000,
,,,0.000000265800,   0.64000,
,,,0.000000266000,   0.64000,
,,,0.000000266200,   0.64000,
,,,0.000000266400,   0.60000,
,,,0.000000266600,   0.60000,
,,,0.000000266800,   0.60000,
,,,0.000000267000,   0.60000,
,,,0.000000267200,   0.60000,
,,,0.000000267400,   0.56000,
,,,0.000000267600,   0.56000,
,,,0.000000267800,   0.56000,
,,,0.000000268000,   0.56000,
,,,0.000000268200,   0.56000,
,,,0.000000268400,   0.52000,
,,,0.000000268600,   0.52000,
,,,0.000000268800,   0.52000,
,,,0.000000269000,   0.52000,
,,,0.000000269200,   0.52000,
,,,0.000000269400,   0.48000,
,,,0.000000269600,   0.48000,
,,,0.000000269800,   0.48000,
,,,0.000000270000,   0.48000,
,,,0.000000270200,   0.48000,
,,,0.000000270400,   0.44000,
,,,0.000000270600,   0.44000,
,,,0.000000270800,   0.44000,
,,,0.000000271000,   0.44000,
,,,0.000000271200,   0.44000,
,,,0.000000271400,   0.40000,
,,,0.000000271600,   0.40000,
,,,0.000000271800,   0.36000,
,,,0.000000272000,   0.36000,
,,,0.000000272200,   0.36000,
,,,0.000000272400,   0.32000,
,,,0.000000272600,   0.32000,
,,,0.000000272800,   0.32000,
,,,0.000000273000,   0.32000,
,,,0.000000273200,   0.32000,
,,,0.000000273400,   0.32000,
,,,0.000000273600,   0.32000,
,,,0.000000273800,   0.32000,
,,,0.000000274000,   0.32000,
,,,0.000000274200,   0.32000,
,,,0.000000274400,   0.32000,
,,,0.000000274600,   0.32000,
,,,0.000000274800,   0.32000,
,,,0.000000275000,   0.32000,
,,,0.000000275200,   0.32000,
,,,0.000000275400,   0.28000,
,,,0.000000275600,   0.28000,
,,,0.000000275800,   0.28000,
,,,0.000000276000,   0.28000,
,,,0.000000276200,   0.28000,
,,,0.000000276400,   0.24000,
,,,0.000000276600,   0.24000,
,,,0.000000276800,   0.24000,
,,,0.000000277000,   0.24000,
,,,0.000000277200,   0.24000,
,,,0.000000277400,   0.24000,
,,,0.000000277600,   0.24000,
,,,0.000000277800,   0.24000,
,,,0.000000278000,   0.24000,
,,,0.000000278200,   0.28000,
,,,0.000000278400,   0.28000,
,,,0.000000278600,   0.28000,
,,,0.000000278800,   0.28000,
,,,0.000000279000,   0.28000,
,,,0.000000279200,   0.28000,
,,,0.000000279400,   0.24000,
,,,0.000000279600,   0.24000,
,,,0.000000279800,   0.20000,
,,,0.000000280000,   0.20000,
,,,0.000000280200,   0.20000,
,,,0.000000280400,   0.16000,
,,,0.000000280600,   0.16000,
,,,0.000000280800,   0.16000,
,,,0.000000281000,   0.16000,
,,,0.000000281200,   0.16000,
,,,0.000000281400,   0.16000,
,,,0.000000281600,   0.16000,
,,,0.000000281800,   0.16000,
,,,0.000000282000,   0.16000,
,,,0.000000282200,   0.16000,
,,,0.000000282400,   0.12000,
,,,0.000000282600,   0.12000,
,,,0.000000282800,   0.12000,
,,,0.000000283000,   0.12000,
,,,0.000000283200,   0.12000,
,,,0.000000283400,   0.12000,
,,,0.000000283600,   0.12000,
,,,0.000000283800,   0.12000,
,,,0.000000284000,   0.12000,
,,,0.000000284200,   0.12000,
,,,0.000000284400,   0.12000,
,,,0.000000284600,   0.12000,
,,,0.000000284800,   0.12000,
,,,0.000000285000,   0.12000,
,,,0.000000285200,   0.12000,
,,,0.000000285400,   0.12000,
,,,0.000000285600,   0.12000,
,,,0.000000285800,   0.12000,
,,,0.000000286000,   0.12000,
,,,0.000000286200,   0.12000,
,,,0.000000286400,   0.12000,
,,,0.000000286600,   0.12000,
,,,0.000000286800,   0.12000,
,,,0.000000287000,   0.12000,
,,,0.000000287200,   0.12000,
,,,0.000000287400,   0.08000,
,,,0.000000287600,   0.08000,
,,,0.000000287800,   0.04000,
,,,0.000000288000,   0.04000,
,,,0.000000288200,   0.04000,
,,,0.000000288400,   0.00000,
,,,0.000000288600,   0.00000,
,,,0.000000288800,   0.00000,
,,,0.000000289000,   0.00000,
,,,0.000000289200,   0.04000,
,,,0.000000289400,   0.04000,
,,,0.000000289600,   0.04000,
,,,0.000000289800,   0.04000,
,,,0.000000290000,   0.04000,
,,,0.000000290200,   0.08000,
,,,0.000000290400,   0.08000,
,,,0.000000290600,   0.04000,
,,,0.000000290800,   0.04000,
,,,0.000000291000,   0.04000,
,,,0.000000291200,   0.04000,
,,,0.000000291400,   0.00000,
,,,0.000000291600,   0.00000,
,,,0.000000291800,   0.00000,
,,,0.000000292000,   0.00000,
,,,0.000000292200,   0.00000,
,,,0.000000292400,   0.00000,
,,,0.000000292600,   0.00000,
,,,0.000000292800,   0.00000,
,,,0.000000293000,   0.00000,
,,,0.000000293200,   0.00000,
,,,0.000000293400,   0.00000,
,,,0.000000293600,   0.00000,
,,,0.000000293800,   0.00000,
,,,0.000000294000,   0.00000,
,,,0.000000294200,   0.00000,
,,,0.000000294400,   0.00000,
,,,0.000000294600,   0.00000,
,,,0.000000294800,   0.00000,
,,,0.000000295000,   0.00000,
,,,0.000000295200,   0.04000,
,,,0.000000295400,   0.04000,
,,,0.000000295600,   0.04000,
,,,0.000000295800,   0.04000,
,,,0.000000296000,   0.04000,
,,,0.000000296200,   0.04000,
,,,0.000000296400,   0.00000,
,,,0.000000296600,   0.00000,
,,,0.000000296800,   0.00000,
,,,0.000000297000,   0.00000,
,,,0.000000297200,   0.00000,
,,,0.000000297400,   0.00000,
,,,0.000000297600,   0.00000,
,,,0.000000297800,   0.00000,
,,,0.000000298000,   0.00000,
,,,0.000000298200,   0.00000,
,,,0.000000298400,   0.00000,
,,,0.000000298600,   0.00000,
,,,0.000000298800,   0.00000,
,,,0.000000299000,   0.00000,
,,,0.000000299200,   0.00000,
,,,0.000000299400,  -0.04000,
,,,0.000000299600,  -0.04000,
,,,0.000000299800,  -0.04000,
,,,0.000000300000,  -0.04000,
,,,0.000000300200,  -0.04000,
,,,0.000000300400,  -0.08000,
,,,0.000000300600,  -0.08000,
,,,0.000000300800,  -0.08000,
,,,0.000000301000,  -0.08000,
,,,0.000000301200,  -0.08000,
,,,0.000000301400,  -0.08000,
,,,0.000000301600,  -0.08000,
,,,0.000000301800,  -0.08000,
,,,0.000000302000,  -0.08000,
,,,0.000000302200,  -0.08000,
,,,0.000000302400,  -0.08000,
,,,0.000000302600,  -0.08000,
,,,0.000000302800,  -0.08000,
,,,0.000000303000,  -0.08000,
,,,0.000000303200,  -0.08000,
,,,0.000000303400,  -0.08000,
,,,0.000000303600,  -0.08000,
,,,0.000000303800,  -0.08000,
,,,0.000000304000,  -0.08000,
,,,0.000000304200,  -0.08000,
,,,0.000000304400,  -0.08000,
,,,0.000000304600,  -0.08000,
,,,0.000000304800,  -0.08000,
,,,0.000000305000,  -0.08000,
,,,0.000000305200,  -0.08000,
,,,0.000000305400,  -0.08000,
,,,0.000000305600,  -0.08000,
,,,0.000000305800,  -0.08000,
,,,0.000000306000,  -0.08000,
,,,0.000000306200,  -0.08000,
,,,0.000000306400,  -0.08000,
,,,0.000000306600,  -0.08000,
,,,0.000000306800,  -0.08000,
,,,0.000000307000,  -0.08000,
,,,0.000000307200,  -0.08000,
,,,0.000000307400,  -0.08000,
,,,0.000000307600,  -0.08000,
,,,0.000000307800,  -0.08000,
,,,0.000000308000,  -0.08000,
,,,0.000000308200,  -0.08000,
,,,0.000000308400,  -0.08000,
,,,0.000000308600,  -0.08000,
,,,0.000000308800,  -0.08000,
,,,0.000000309000,  -0.08000,
,,,0.000000309200,  -0.08000,
,,,0.000000309400,  -0.08000,
,,,0.000000309600,  -0.08000,
,,,0.000000309800,  -0.08000,
,,,0.000000310000,  -0.08000,
,,,0.000000310200,  -0.08000,
,,,0.000000310400,  -0.08000,
,,,0.000000310600,  -0.08000,
,,,0.000000310800,  -0.08000,
,,,0.000000311000,  -0.08000,
,,,0.000000311200,  -0.08000,
,,,0.000000311400,  -0.08000,
,,,0.000000311600,  -0.08000,
,,,0.000000311800,  -0.08000,
,,,0.000000312000,  -0.08000,
,,,0.000000312200,  -0.04000,
,,,0.000000312400,  -0.04000,
,,,0.000000312600,  -0.04000,
,,,0.000000312800,  -0.04000,
,,,0.000000313000,  -0.04000,
,,,0.000000313200,  -0.04000,
,,,0.000000313400,  -0.04000,
,,,0.000000313600,  -0.04000,
,,,0.000000313800,  -0.04000,
,,,0.000000314000,  -0.04000,
,,,0.000000314200,  -0.04000,
,,,0.000000314400,  -0.08000,
,,,0.000000314600,  -0.08000,
,,,0.000000314800,  -0.08000,
,,,0.000000315000,  -0.08000,
,,,0.000000315200,  -0.08000,
,,,0.000000315400,  -0.12000,
,,,0.000000315600,  -0.12000,
,,,0.000000315800,  -0.12000,
,,,0.000000316000,  -0.12000,
,,,0.000000316200,  -0.08000,
,,,0.000000316400,  -0.08000,
,,,0.000000316600,  -0.08000,
,,,0.000000316800,  -0.04000,
,,,0.000000317000,  -0.04000,
,,,0.000000317200,   0.00000,
,,,0.000000317400,   0.00000,
,,,0.000000317600,   0.00000,
,,,0.000000317800,   0.00000,
,,,0.000000318000,   0.00000,
,,,0.000000318200,   0.04000,
,,,0.000000318400,   0.04000,
,,,0.000000318600,   0.04000,
,,,0.000000318800,   0.04000,
,,,0.000000319000,   0.04000,
,,,0.000000319200,   0.08000,
,,,0.000000319400,   0.08000,
,,,0.000000319600,   0.08000,
,,,0.000000319800,   0.08000,
,,,0.000000320000,   0.08000,
,,,0.000000320200,   0.08000,
,,,0.000000320400,   0.08000,
,,,0.000000320600,   0.08000,
,,,0.000000320800,   0.08000,
,,,0.000000321000,   0.08000,
,,,0.000000321200,   0.12000,
,,,0.000000321400,   0.12000,
,,,0.000000321600,   0.12000,
,,,0.000000321800,   0.16000,
,,,0.000000322000,   0.16000,
,,,0.000000322200,   0.20000,
,,,0.000000322400,   0.20000,
,,,0.000000322600,   0.20000,
,,,0.000000322800,   0.20000,
,,,0.000000323000,   0.24000,
,,,0.000000323200,   0.24000,
,,,0.000000323400,   0.24000,
,,,0.000000323600,   0.20000,
,,,0.000000323800,   0.20000,
,,,0.000000324000,   0.24000,
,,,0.000000324200,   0.24000,
,,,0.000000324400,   0.24000,
,,,0.000000324600,   0.28000,
,,,0.000000324800,   0.28000,
,,,0.000000325000,   0.32000,
,,,0.000000325200,   0.36000,
,,,0.000000325400,   0.36000,
,,,0.000000325600,   0.40000,
,,,0.000000325800,   0.40000,
,,,0.000000326000,   0.40000,
,,,0.000000326200,   0.44000,
,,,0.000000326400,   0.44000,
,,,0.000000326600,   0.44000,
,,,0.000000326800,   0.44000,
,,,0.000000327000,   0.44000,
,,,0.000000327200,   0.44000,
,,,0.000000327400,   0.44000,
,,,0.000000327600,   0.48000,
,,,0.000000327800,   0.48000,
,,,0.000000328000,   0.52000,
,,,0.000000328200,   0.56000,
,,,0.000000328400,   0.56000,
,,,0.000000328600,   0.60000,
,,,0.000000328800,   0.60000,
,,,0.000000329000,   0.60000,
,,,0.000000329200,   0.64000,
,,,0.000000329400,   0.64000,
,,,0.000000329600,   0.64000,
,,,0.000000329800,   0.64000,
,,,0.000000330000,   0.64000,
,,,0.000000330200,   0.68000,
,,,0.000000330400,   0.68000,
,,,0.000000330600,   0.68000,
,,,0.000000330800,   0.72000,
,,,0.000000331000,   0.72000,
,,,0.000000331200,   0.76000,
,,,0.000000331400,   0.76000,
,,,0.000000331600,   0.76000,
,,,0.000000331800,   0.80000,
,,,0.000000332000,   0.80000,
,,,0.000000332200,   0.84000,
,,,0.000000332400,   0.84000,
,,,0.000000332600,   0.84000,
,,,0.000000332800,   0.84000,
,,,0.000000333000,   0.84000,
,,,0.000000333200,   0.88000,
,,,0.000000333400,   0.88000,
,,,0.000000333600,   0.92000,
,,,0.000000333800,   0.92000,
,,,0.000000334000,   0.96000,
,,,0.000000334200,   1.00000,
,,,0.000000334400,   1.00000,
,,,0.000000334600,   1.00000,
,,,0.000000334800,   1.04000,
,,,0.000000335000,   1.04000,
,,,0.000000335200,   1.08000,
,,,0.000000335400,   1.08000,
,,,0.000000335600,   1.12000,
,,,0.000000335800,   1.12000,
,,,0.000000336000,   1.16000,
,,,0.000000336200,   1.20000,
,,,0.000000336400,   1.20000,
,,,0.000000336600,   1.24000,
,,,0.000000336800,   1.24000,
,,,0.000000337000,   1.28000,
,,,0.000000337200,   1.32000,
,,,0.000000337400,   1.32000,
,,,0.000000337600,   1.32000,
,,,0.000000337800,   1.36000,
,,,0.000000338000,   1.36000,
,,,0.000000338200,   1.40000,
,,,0.000000338400,   1.40000,
,,,0.000000338600,   1.40000,
,,,0.000000338800,   1.44000,
,,,0.000000339000,   1.44000,
,,,0.000000339200,   1.48000,
,,,0.000000339400,   1.48000,
,,,0.000000339600,   1.48000,
,,,0.000000339800,   1.52000,
,,,0.000000340000,   1.52000,
,,,0.000000340200,   1.56000,
,,,0.000000340400,   1.56000,
,,,0.000000340600,   1.60000,
,,,0.000000340800,   1.60000,
,,,0.000000341000,   1.64000,
,,,0.000000341200,   1.68000,
,,,0.000000341400,   1.68000,
,,,0.000000341600,   1.72000,
,,,0.000000341800,   1.76000,
,,,0.000000342000,   1.76000,
,,,0.000000342200,   1.80000,
,,,0.000000342400,   1.80000,
,,,0.000000342600,   1.80000,
,,,0.000000342800,   1.80000,
,,,0.000000343000,   1.80000,
,,,0.000000343200,   1.84000,
,,,0.000000343400,   1.84000,
,,,0.000000343600,   1.88000,
,,,0.000000343800,   1.88000,
,,,0.000000344000,   1.92000,
,,,0.000000344200,   1.96000,
,,,0.000000344400,   1.96000,
,,,0.000000344600,   2.00000,
,,,0.000000344800,   2.00000,
,,,0.000000345000,   2.04000,
,,,0.000000345200,   2.08000,
,,,0.000000345400,   2.08000,
,,,0.000000345600,   2.12000,
,,,0.000000345800,   2.12000,
,,,0.000000346000,   2.16000,
,,,0.000000346200,   2.20000,
,,,0.000000346400,   2.20000,
,,,0.000000346600,   2.24000,
,,,0.000000346800,   2.24000,
,,,0.000000347000,   2.28000,
,,,0.000000347200,   2.32000,
,,,0.000000347400,   2.32000,
,,,0.000000347600,   2.32000,
,,,0.000000347800,   2.36000,
,,,0.000000348000,   2.36000,
,,,0.000000348200,   2.40000,
,,,0.000000348400,   2.40000,
,,,0.000000348600,   2.40000,
,,,0.000000348800,   2.44000,
,,,0.000000349000,   2.44000,
,,,0.000000349200,   2.48000,
,,,0.000000349400,   2.48000,
,,,0.000000349600,   2.52000,
,,,0.000000349800,   2.52000,
,,,0.000000350000,   2.56000,
,,,0.000000350200,   2.60000,
,,,0.000000350400,   2.60000,
,,,0.000000350600,   2.60000,
,,,0.000000350800,   2.64000,
,,,0.000000351000,   2.64000,
,,,0.000000351200,   2.68000,
,,,0.000000351400,   2.68000,
,,,0.000000351600,   2.68000,
,,,0.000000351800,   2.72000,
,,,0.000000352000,   2.72000,
,,,0.000000352200,   2.76000,
,,,0.000000352400,   2.76000,
,,,0.000000352600,   2.80000,
,,,0.000000352800,   2.80000,
,,,0.000000353000,   2.84000,
,,,0.000000353200,   2.88000,
,,,0.000000353400,   2.88000,
,,,0.000000353600,   2.92000,
,,,0.000000353800,   2.96000,
,,,0.000000354000,   2.96000,
,,,0.000000354200,   3.00000,
,,,0.000000354400,   3.00000,
,,,0.000000354600,   3.00000,
,,,0.000000354800,   3.00000,
,,,0.000000355000,   3.00000,
,,,0.000000355200,   3.04000,
,,,0.000000355400,   3.04000,
,,,0.000000355600,   3.08000,
,,,0.000000355800,   3.08000,
,,,0.000000356000,   3.12000,
,,,0.000000356200,   3.16000,
,,,0.000000356400,   3.16000,
,,,0.000000356600,   3.16000,
,,,0.000000356800,   3.20000,
,,,0.000000357000,   3.20000,
,,,0.000000357200,   3.24000,
,,,0.000000357400,   3.24000,
,,,0.000000357600,   3.28000,
,,,0.000000357800,   3.28000,
,,,0.000000358000,   3.32000,
,,,0.000000358200,   3.36000,
,,,0.000000358400,   3.36000,
,,,0.000000358600,   3.40000,
,,,0.000000358800,   3.40000,
,,,0.000000359000,   3.40000,
,,,0.000000359200,   3.44000,
,,,0.000000359400,   3.44000,
,,,0.000000359600,   3.44000,
,,,0.000000359800,   3.44000,
,,,0.000000360000,   3.44000,
,,,0.000000360200,   3.48000,
,,,0.000000360400,   3.48000,
,,,0.000000360600,   3.48000,
,,,0.000000360800,   3.52000,
,,,0.000000361000,   3.52000,
,,,0.000000361200,   3.56000,
,,,0.000000361400,   3.56000,
,,,0.000000361600,   3.56000,
,,,0.000000361800,   3.60000,
,,,0.000000362000,   3.60000,
,,,0.000000362200,   3.64000,
,,,0.000000362400,   3.64000,
,,,0.000000362600,   3.64000,
,,,0.000000362800,   3.64000,
,,,0.000000363000,   3.64000,
,,,0.000000363200,   3.68000,
,,,0.000000363400,   3.68000,
,,,0.000000363600,   3.68000,
,,,0.000000363800,   3.72000,
,,,0.000000364000,   3.72000,
,,,0.000000364200,   3.76000,
,,,0.000000364400,   3.76000,
,,,0.000000364600,   3.76000,
,,,0.000000364800,   3.80000,
,,,0.000000365000,   3.80000,
,,,0.000000365200,   3.84000,
,,,0.000000365400,   3.84000,
,,,0.000000365600,   3.84000,
,,,0.000000365800,   3.84000,
,,,0.000000366000,   3.84000,
,,,0.000000366200,   3.88000,
,,,0.000000366400,   3.88000,
,,,0.000000366600,   3.88000,
,,,0.000000366800,   3.88000,
,,,0.000000367000,   3.88000,
,,,0.000000367200,   3.92000,
,,,0.000000367400,   3.92000,
,,,0.000000367600,   3.96000,
,,,0.000000367800,   3.96000,
,,,0.000000368000,   4.00000,
,,,0.000000368200,   4.04000,
,,,0.000000368400,   4.04000,
,,,0.000000368600,   4.08000,
,,,0.000000368800,   4.08000,
,,,0.000000369000,   4.08000,
,,,0.000000369200,   4.12000,
,,,0.000000369400,   4.12000,
,,,0.000000369600,   4.12000,
,,,0.000000369800,   4.12000,
,,,0.000000370000,   4.12000,
,,,0.000000370200,   4.16000,
,,,0.000000370400,   4.16000,
,,,0.000000370600,   4.16000,
,,,0.000000370800,   4.16000,
,,,0.000000371000,   4.16000,
,,,0.000000371200,   4.20000,
,,,0.000000371400,   4.20000,
,,,0.000000371600,   4.20000,
,,,0.000000371800,   4.20000,
,,,0.000000372000,   4.20000,
,,,0.000000372200,   4.20000,
,,,0.000000372400,   4.20000,
,,,0.000000372600,   4.16000,
,,,0.000000372800,   4.16000,
,,,0.000000373000,   4.20000,
,,,0.000000373200,   4.20000,
,,,0.000000373400,   4.20000,
,,,0.000000373600,   4.20000,
,,,0.000000373800,   4.24000,
,,,0.000000374000,   4.24000,
,,,0.000000374200,   4.28000,
,,,0.000000374400,   4.28000,
,,,0.000000374600,   4.28000,
,,,0.000000374800,   4.32000,
,,,0.000000375000,   4.32000,
,,,0.000000375200,   4.36000,
,,,0.000000375400,   4.36000,
,,,0.000000375600,   4.36000,
,,,0.000000375800,   4.36000,
,,,0.000000376000,   4.36000,
,,,0.000000376200,   4.40000,
,,,0.000000376400,   4.40000,
,,,0.000000376600,   4.40000,
,,,0.000000376800,   4.40000,
,,,0.000000377000,   4.40000,
,,,0.000000377200,   4.44000,
,,,0.000000377400,   4.44000,
,,,0.000000377600,   4.44000,
,,,0.000000377800,   4.44000,
,,,0.000000378000,   4.44000,
,,,0.000000378200,   4.44000,
,,,0.000000378400,   4.44000,
,,,0.000000378600,   4.44000,
,,,0.000000378800,   4.44000,
,,,0.000000379000,   4.44000,
,,,0.000000379200,   4.48000,
,,,0.000000379400,   4.48000,
,,,0.000000379600,   4.48000,
,,,0.000000379800,   4.48000,
,,,0.000000380000,   4.48000,
,,,0.000000380200,   4.52000,
,,,0.000000380400,   4.52000,
,,,0.000000380600,   4.52000,
,,,0.000000380800,   4.52000,
,,,0.000000381000,   4.52000,
,,,0.000000381200,   4.56000,
,,,0.000000381400,   4.56000,
,,,0.000000381600,   4.56000,
,,,0.000000381800,   4.56000,
,,,0.000000382000,   4.56000,
,,,0.000000382200,   4.56000,
,,,0.000000382400,   4.56000,
,,,0.000000382600,   4.56000,
,,,0.000000382800,   4.56000,
,,,0.000000383000,   4.56000,
,,,0.000000383200,   4.60000,
,,,0.000000383400,   4.60000,
,,,0.000000383600,   4.60000,
,,,0.000000383800,   4.60000,
,,,0.000000384000,   4.60000,
,,,0.000000384200,   4.60000,
,,,0.000000384400,   4.60000,
,,,0.000000384600,   4.60000,
,,,0.000000384800,   4.60000,
,,,0.000000385000,   4.60000,
,,,0.000000385200,   4.64000,
,,,0.000000385400,   4.64000,
,,,0.000000385600,   4.64000,
,,,0.000000385800,   4.64000,
,,,0.000000386000,   4.64000,
,,,0.000000386200,   4.64000,
,,,0.000000386400,   4.64000,
,,,0.000000386600,   4.64000,
,,,0.000000386800,   4.64000,
,,,0.000000387000,   4.64000,
,,,0.000000387200,   4.64000,
,,,0.000000387400,   4.64000,
,,,0.000000387600,   4.60000,
,,,0.000000387800,   4.60000,
,,,0.000000388000,   4.64000,
,,,0.000000388200,   4.64000,
,,,0.000000388400,   4.64000,
,,,0.000000388600,   4.64000,
,,,0.000000388800,   4.68000,
,,,0.000000389000,   4.68000,
,,,0.000000389200,   4.72000,
,,,0.000000389400,   4.72000,
,,,0.000000389600,   4.72000,
,,,0.000000389800,   4.72000,
,,,0.000000390000,   4.72000,
,,,0.000000390200,   4.72000,
,,,0.000000390400,   4.72000,
,,,0.000000390600,   4.72000,
,,,0.000000390800,   4.72000,
,,,0.000000391000,   4.72000,
,,,0.000000391200,   4.76000,
,,,0.000000391400,   4.72000,
,,,0.000000391600,   4.72000,
,,,0.000000391800,   4.72000,
,,,0.000000392000,   4.72000,
,,,0.000000392200,   4.72000,
,,,0.000000392400,   4.72000,
,,,0.000000392600,   4.68000,
,,,0.000000392800,   4.68000,
,,,0.000000393000,   4.72000,
,,,0.000000393200,   4.72000,
,,,0.000000393400,   4.72000,
,,,0.000000393600,   4.72000,
,,,0.000000393800,   4.72000,
,,,0.000000394000,   4.72000,
,,,0.000000394200,   4.76000,
,,,0.000000394400,   4.76000,
,,,0.000000394600,   4.76000,
,,,0.000000394800,   4.76000,
,,,0.000000395000,   4.76000,
,,,0.000000395200,   4.76000,
,,,0.000000395400,   4.76000,
,,,0.000000395600,   4.76000,
,,,0.000000395800,   4.76000,
,,,0.000000396000,   4.76000,
,,,0.000000396200,   4.76000,
,,,0.000000396400,   4.76000,
,,,0.000000396600,   4.72000,
,,,0.000000396800,   4.72000,
,,,0.000000397000,   4.76000,
,,,0.000000397200,   4.76000,
,,,0.000000397400,   4.76000,
,,,0.000000397600,   4.76000,
,,,0.000000397800,   4.80000,
,,,0.000000398000,   4.80000,
,,,0.000000398200,   4.84000,
,,,0.000000398400,   4.84000,
,,,0.000000398600,   4.84000,
,,,0.000000398800,   4.84000,
,,,0.000000399000,   4.84000,
,,,0.000000399200,   4.84000,
,,,0.000000399400,   4.84000,
,,,0.000000399600,   4.84000,
,,,0.000000399800,   4.84000,
,,,0.000000400000,   4.84000,
,,,0.000000400200,   4.88000,
,,,0.000000400400,   4.88000,
,,,0.000000400600,   4.88000,
,,,0.000000400800,   4.88000,
,,,0.000000401000,   4.92000,
,,,0.000000401200,   4.92000,
,,,0.000000401400,   4.88000,
,,,0.000000401600,   4.88000,
,,,0.000000401800,   4.88000,
,,,0.000000402000,   4.88000,
,,,0.000000402200,   4.88000,
,,,0.000000402400,   4.88000,
,,,0.000000402600,   4.88000,
,,,0.000000402800,   4.88000,
,,,0.000000403000,   4.88000,
,,,0.000000403200,   4.88000,
,,,0.000000403400,   4.88000,
,,,0.000000403600,   4.88000,
,,,0.000000403800,   4.88000,
,,,0.000000404000,   4.88000,
,,,0.000000404200,   4.88000,
,,,0.000000404400,   4.88000,
,,,0.000000404600,   4.88000,
,,,0.000000404800,   4.88000,
,,,0.000000405000,   4.88000,
,,,0.000000405200,   4.92000,
,,,0.000000405400,   4.92000,
,,,0.000000405600,   4.92000,
,,,0.000000405800,   4.92000,
,,,0.000000406000,   4.92000,
,,,0.000000406200,   4.96000,
,,,0.000000406400,   4.96000,
,,,0.000000406600,   4.96000,
,,,0.000000406800,   4.96000,
,,,0.000000407000,   5.00000,
,,,0.000000407200,   5.00000,
,,,0.000000407400,   4.96000,
,,,0.000000407600,   4.96000,
,,,0.000000407800,   4.96000,
,,,0.000000408000,   4.96000,
,,,0.000000408200,   4.96000,
,,,0.000000408400,   4.92000,
,,,0.000000408600,   4.92000,
,,,0.000000408800,   4.92000,
,,,0.000000409000,   4.92000,
,,,0.000000409200,   4.96000,
,,,0.000000409400,   4.96000,
,,,0.000000409600,   4.96000,
,,,0.000000409800,   5.00000,
,,,0.000000410000,   5.00000,
,,,0.000000410200,   5.04000,
,,,0.000000410400,   5.04000,
,,,0.000000410600,   5.04000,
,,,0.000000410800,   5.04000,
,,,0.000000411000,   5.04000,
,,,0.000000411200,   5.04000,
,,,0.000000411400,   5.04000,
,,,0.000000411600,   5.04000,
,,,0.000000411800,   5.04000,
,,,0.000000412000,   5.04000,
,,,0.000000412200,   5.04000,
,,,0.000000412400,   5.04000,
,,,0.000000412600,   5.04000,
,,,0.000000412800,   5.04000,
,,,0.000000413000,   5.04000,
,,,0.000000413200,   5.08000,
,,,0.000000413400,   5.08000,
,,,0.000000413600,   5.08000,
,,,0.000000413800,   5.08000,
,,,0.000000414000,   5.08000,
,,,0.000000414200,   5.08000,
,,,0.000000414400,   5.08000,
,,,0.000000414600,   5.08000,
,,,0.000000414800,   5.08000,
,,,0.000000415000,   5.08000,
,,,0.000000415200,   5.08000,
,,,0.000000415400,   5.04000,
,,,0.000000415600,   5.04000,
,,,0.000000415800,   5.04000,
,,,0.000000416000,   5.04000,
,,,0.000000416200,   5.04000,
,,,0.000000416400,   5.00000,
,,,0.000000416600,   5.00000,
,,,0.000000416800,   5.00000,
,,,0.000000417000,   5.00000,
,,,0.000000417200,   5.00000,
,,,0.000000417400,   5.00000,
,,,0.000000417600,   5.00000,
,,,0.000000417800,   5.00000,
,,,0.000000418000,   5.00000,
,,,0.000000418200,   5.04000,
,,,0.000000418400,   5.00000,
,,,0.000000418600,   5.00000,
,,,0.000000418800,   5.00000,
,,,0.000000419000,   5.00000,
,,,0.000000419200,   5.00000,
,,,0.000000419400,   5.00000,
,,,0.000000419600,   5.00000,
,,,0.000000419800,   5.00000,
,,,0.000000420000,   5.00000,
,,,0.000000420200,   5.00000,
,,,0.000000420400,   4.96000,
,,,0.000000420600,   4.96000,
,,,0.000000420800,   4.96000,
,,,0.000000421000,   4.96000,
,,,0.000000421200,   4.96000,
,,,0.000000421400,   4.96000,
,,,0.000000421600,   4.96000,
,,,0.000000421800,   4.96000,
,,,0.000000422000,   4.96000,
,,,0.000000422200,   5.00000,
,,,0.000000422400,   5.00000,
,,,0.000000422600,   4.96000,
,,,0.000000422800,   4.96000,
,,,0.000000423000,   4.96000,
,,,0.000000423200,   4.96000,
,,,0.000000423400,   4.92000,
,,,0.000000423600,   4.92000,
,,,0.000000423800,   4.88000,
,,,0.000000424000,   4.88000,
,,,0.000000424200,   4.88000,
,,,0.000000424400,   4.88000,
,,,0.000000424600,   4.84000,
,,,0.000000424800,   4.88000,
,,,0.000000425000,   4.88000,
,,,0.000000425200,   4.88000,
,,,0.000000425400,   4.88000,
,,,0.000000425600,   4.88000,
,,,0.000000425800,   4.88000,
,,,0.000000426000,   4.88000,
,,,0.000000426200,   4.88000,
,,,0.000000426400,   4.84000,
,,,0.000000426600,   4.84000,
,,,0.000000426800,   4.84000,
,,,0.000000427000,   4.80000,
,,,0.000000427200,   4.80000,
,,,0.000000427400,   4.76000,
,,,0.000000427600,   4.76000,
,,,0.000000427800,   4.72000,
,,,0.000000428000,   4.72000,
,,,0.000000428200,   4.72000,
,,,0.000000428400,   4.68000,
,,,0.000000428600,   4.68000,
,,,0.000000428800,   4.68000,
,,,0.000000429000,   4.68000,
,,,0.000000429200,   4.68000,
,,,0.000000429400,   4.64000,
,,,0.000000429600,   4.64000,
,,,0.000000429800,   4.60000,
,,,0.000000430000,   4.60000,
,,,0.000000430200,   4.60000,
,,,0.000000430400,   4.60000,
,,,0.000000430600,   4.60000,
,,,0.000000430800,   4.60000,
,,,0.000000431000,   4.60000,
,,,0.000000431200,   4.60000,
,,,0.000000431400,   4.56000,
,,,0.000000431600,   4.56000,
,,,0.000000431800,   4.56000,
,,,0.000000432000,   4.52000,
,,,0.000000432200,   4.52000,
,,,0.000000432400,   4.48000,
,,,0.000000432600,   4.44000,
,,,0.000000432800,   4.44000,
,,,0.000000433000,   4.40000,
,,,0.000000433200,   4.40000,
,,,0.000000433400,   4.36000,
,,,0.000000433600,   4.36000,
,,,0.000000433800,   4.32000,
,,,0.000000434000,   4.32000,
,,,0.000000434200,   4.32000,
,,,0.000000434400,   4.28000,
,,,0.000000434600,   4.28000,
,,,0.000000434800,   4.28000,
,,,0.000000435000,   4.28000,
,,,0.000000435200,   4.28000,
,,,0.000000435400,   4.24000,
,,,0.000000435600,   4.20000,
,,,0.000000435800,   4.20000,
,,,0.000000436000,   4.16000,
,,,0.000000436200,   4.16000,
,,,0.000000436400,   4.12000,
,,,0.000000436600,   4.12000,
,,,0.000000436800,   4.12000,
,,,0.000000437000,   4.12000,
,,,0.000000437200,   4.12000,
,,,0.000000437400,   4.08000,
,,,0.000000437600,   4.08000,
,,,0.000000437800,   4.04000,
,,,0.000000438000,   4.00000,
,,,0.000000438200,   4.00000,
,,,0.000000438400,   3.96000,
,,,0.000000438600,   3.92000,
,,,0.000000438800,   3.88000,
,,,0.000000439000,   3.84000,
,,,0.000000439200,   3.84000,
,,,0.000000439400,   3.80000,
,,,0.000000439600,   3.80000,
,,,0.000000439800,   3.76000,
,,,0.000000440000,   3.76000,
,,,0.000000440200,   3.76000,
,,,0.000000440400,   3.72000,
,,,0.000000440600,   3.72000,
,,,0.000000440800,   3.72000,
,,,0.000000441000,   3.68000,
,,,0.000000441200,   3.68000,
,,,0.000000441400,   3.64000,
,,,0.000000441600,   3.60000,
,,,0.000000441800,   3.60000,
,,,0.000000442000,   3.56000,
,,,0.000000442200,   3.56000,
,,,0.000000442400,   3.52000,
,,,0.000000442600,   3.48000,
,,,0.000000442800,   3.48000,
,,,0.000000443000,   3.44000,
,,,0.000000443200,   3.44000,
,,,0.000000443400,   3.40000,
,,,0.000000443600,   3.40000,
,,,0.000000443800,   3.36000,
,,,0.000000444000,   3.36000,
,,,0.000000444200,   3.36000,
,,,0.000000444400,   3.32000,
,,,0.000000444600,   3.32000,
,,,0.000000444800,   3.32000,
,,,0.000000445000,   3.28000,
,,,0.000000445200,   3.28000,
,,,0.000000445400,   3.24000,
,,,0.000000445600,   3.20000,
,,,0.000000445800,   3.20000,
,,,0.000000446000,   3.16000,
,,,0.000000446200,   3.16000,
,,,0.000000446400,   3.12000,
,,,0.000000446600,   3.08000,
,,,0.000000446800,   3.08000,
,,,0.000000447000,   3.04000,
,,,0.000000447200,   3.04000,
,,,0.000000447400,   3.00000,
,,,0.000000447600,   3.00000,
,,,0.000000447800,   2.96000,
,,,0.000000448000,   2.96000,
,,,0.000000448200,   2.96000,
,,,0.000000448400,   2.92000,
,,,0.000000448600,   2.88000,
,,,0.000000448800,   2.88000,
,,,0.000000449000,   2.84000,
,,,0.000000449200,   2.84000,
,,,0.000000449400,   2.80000,
,,,0.000000449600,   2.76000,
,,,0.000000449800,   2.76000,
,,,0.000000450000,   2.72000,
,,,0.000000450200,   2.72000,
,,,0.000000450400,   2.68000,
,,,0.000000450600,   2.64000,
,,,0.000000450800,   2.60000,
,,,0.000000451000,   2.56000,
,,,0.000000451200,   2.56000,
,,,0.000000451400,   2.52000,
,,,0.000000451600,   2.48000,
,,,0.000000451800,   2.48000,
,,,0.000000452000,   2.44000,
,,,0.000000452200,   2.44000,
,,,0.000000452400,   2.40000,
,,,0.000000452600,   2.36000,
,,,0.000000452800,   2.36000,
,,,0.000000453000,   2.32000,
,,,0.000000453200,   2.32000,
,,,0.000000453400,   2.28000,
,,,0.000000453600,   2.28000,
,,,0.000000453800,   2.24000,
,,,0.000000454000,   2.24000,
,,,0.000000454200,   2.24000,
,,,0.000000454400,   2.20000,
,,,0.000000454600,   2.16000,
,,,0.000000454800,   2.16000,
,,,0.000000455000,   2.12000,
,,,0.000000455200,   2.12000,
,,,0.000000455400,   2.08000,
,,,0.000000455600,   2.04000,
,,,0.000000455800,   2.04000,
,,,0.000000456000,   2.00000,
,,,0.000000456200,   2.00000,
,,,0.000000456400,   1.96000,
,,,0.000000456600,   1.92000,
,,,0.000000456800,   1.92000,
,,,0.000000457000,   1.88000,
,,,0.000000457200,   1.88000,
,,,0.000000457400,   1.84000,
,,,0.000000457600,   1.80000,
,,,0.000000457800,   1.80000,
,,,0.000000458000,   1.76000,
,,,0.000000458200,   1.76000,
,,,0.000000458400,   1.72000,
,,,0.000000458600,   1.68000,
,,,0.000000458800,   1.68000,
,,,0.000000459000,   1.64000,
,,,0.000000459200,   1.64000,
,,,0.000000459400,   1.60000,
,,,0.000000459600,   1.60000,
,,,0.000000459800,   1.56000,
,,,0.000000460000,   1.56000,
,,,0.000000460200,   1.56000,
,,,0.000000460400,   1.52000,
,,,0.000000460600,   1.52000,
,,,0.000000460800,   1.52000,
,,,0.000000461000,   1.48000,
,,,0.000000461200,   1.48000,
,,,0.000000461400,   1.44000,
,,,0.000000461600,   1.40000,
,,,0.000000461800,   1.40000,
,,,0.000000462000,   1.36000,
,,,0.000000462200,   1.36000,
,,,0.000000462400,   1.32000,
,,,0.000000462600,   1.28000,
,,,0.000000462800,   1.28000,
,,,0.000000463000,   1.24000,
,,,0.000000463200,   1.24000,
,,,0.000000463400,   1.20000,
,,,0.000000463600,   1.20000,
,,,0.000000463800,   1.20000,
,,,0.000000464000,   1.20000,
,,,0.000000464200,   1.20000,
,,,0.000000464400,   1.16000,
,,,0.000000464600,   1.16000,
,,,0.000000464800,   1.12000,
,,,0.000000465000,   1.08000,
,,,0.000000465200,   1.08000,
,,,0.000000465400,   1.04000,
,,,0.000000465600,   1.00000,
,,,0.000000465800,   1.00000,
,,,0.000000466000,   0.96000,
,,,0.000000466200,   0.96000,
,,,0.000000466400,   0.92000,
,,,0.000000466600,   0.92000,
,,,0.000000466800,   0.88000,
,,,0.000000467000,   0.88000,
,,,0.000000467200,   0.88000,
,,,0.000000467400,   0.84000,
,,,0.000000467600,   0.84000,
,,,0.000000467800,   0.84000,
,,,0.000000468000,   0.84000,
,,,0.000000468200,   0.84000,
,,,0.000000468400,   0.80000,
,,,0.000000468600,   0.80000,
,,,0.000000468800,   0.76000,
,,,0.000000469000,   0.76000,
,,,0.000000469200,   0.76000,
,,,0.000000469400,   0.72000,
,,,0.000000469600,   0.72000,
,,,0.000000469800,   0.68000,
,,,0.000000470000,   0.68000,
,,,0.000000470200,   0.68000,
,,,0.000000470400,   0.64000,
,,,0.000000470600,   0.64000,
,,,0.000000470800,   0.60000,
,,,0.000000471000,   0.60000,
,,,0.000000471200,   0.60000,
,,,0.000000471400,   0.56000,
,,,0.000000471600,   0.56000,
,,,0.000000471800,   0.56000,
,,,0.000000472000,   0.56000,
,,,0.000000472200,   0.56000,
,,,0.000000472400,   0.56000,
,,,0.000000472600,   0.56000,
,,,0.000000472800,   0.56000,
,,,0.000000473000,   0.56000,
,,,0.000000473200,   0.56000,
,,,0.000000473400,   0.52000,
,,,0.000000473600,   0.52000,
,,,0.000000473800,   0.52000,
,,,0.000000474000,   0.52000,
,,,0.000000474200,   0.52000,
,,,0.000000474400,   0.48000,
,,,0.000000474600,   0.48000,
,,,0.000000474800,   0.48000,
,,,0.000000475000,   0.48000,
,,,0.000000475200,   0.48000,
,,,0.000000475400,   0.44000,
,,,0.000000475600,   0.44000,
,,,0.000000475800,   0.44000,
,,,0.000000476000,   0.44000,
,,,0.000000476200,   0.44000,
,,,0.000000476400,   0.40000,
,,,0.000000476600,   0.40000,
,,,0.000000476800,   0.40000,
,,,0.000000477000,   0.40000,
,,,0.000000477200,   0.40000,
,,,0.000000477400,   0.36000,
,,,0.000000477600,   0.36000,
,,,0.000000477800,   0.36000,
,,,0.000000478000,   0.36000,
,,,0.000000478200,   0.36000,
,,,0.000000478400,   0.32000,
,,,0.000000478600,   0.32000,
,,,0.000000478800,   0.32000,
,,,0.000000479000,   0.32000,
,,,0.000000479200,   0.32000,
,,,0.000000479400,   0.32000,
,,,0.000000479600,   0.32000,
,,,0.000000479800,   0.32000,
,,,0.000000480000,   0.32000,
,,,0.000000480200,   0.32000,
,,,0.000000480400,   0.28000,
,,,0.000000480600,   0.28000,
,,,0.000000480800,   0.24000,
,,,0.000000481000,   0.24000,
,,,0.000000481200,   0.24000,
,,,0.000000481400,   0.24000,
,,,0.000000481600,   0.24000,
,,,0.000000481800,   0.24000,
,,,0.000000482000,   0.24000,
,,,0.000000482200,   0.28000,
,,,0.000000482400,   0.28000,
,,,0.000000482600,   0.24000,
,,,0.000000482800,   0.24000,
,,,0.000000483000,   0.24000,
,,,0.000000483200,   0.24000,
,,,0.000000483400,   0.20000,
,,,0.000000483600,   0.20000,
,,,0.000000483800,   0.20000,
,,,0.000000484000,   0.20000,
,,,0.000000484200,   0.20000,
,,,0.000000484400,   0.20000,
,,,0.000000484600,   0.20000,
,,,0.000000484800,   0.20000,
,,,0.000000485000,   0.20000,
,,,0.000000485200,   0.20000,
,,,0.000000485400,   0.16000,
,,,0.000000485600,   0.16000,
,,,0.000000485800,   0.16000,
,,,0.000000486000,   0.16000,
,,,0.000000486200,   0.16000,
,,,0.000000486400,   0.16000,
,,,0.000000486600,   0.16000,
,,,0.000000486800,   0.16000,
,,,0.000000487000,   0.16000,
,,,0.000000487200,   0.20000,
,,,0.000000487400,   0.20000,
,,,0.000000487600,   0.16000,
,,,0.000000487800,   0.16000,
,,,0.000000488000,   0.16000,
,,,0.000000488200,   0.16000,
,,,0.000000488400,   0.12000,
,,,0.000000488600,   0.12000,
,,,0.000000488800,   0.12000,
,,,0.000000489000,   0.12000,
,,,0.000000489200,   0.12000,
,,,0.000000489400,   0.12000,
,,,0.000000489600,   0.12000,
,,,0.000000489800,   0.12000,
,,,0.000000490000,   0.12000,
,,,0.000000490200,   0.16000,
,,,0.000000490400,   0.16000,
,,,0.000000490600,   0.12000,
,,,0.000000490800,   0.12000,
,,,0.000000491000,   0.12000,
,,,0.000000491200,   0.12000,
,,,0.000000491400,   0.08000,
,,,0.000000491600,   0.08000,
,,,0.000000491800,   0.08000,
,,,0.000000492000,   0.08000,
,,,0.000000492200,   0.08000,
,,,0.000000492400,   0.08000,
,,,0.000000492600,   0.08000,
,,,0.000000492800,   0.08000,
,,,0.000000493000,   0.08000,
,,,0.000000493200,   0.08000,
,,,0.000000493400,   0.04000,
,,,0.000000493600,   0.04000,
,,,0.000000493800,   0.04000,
,,,0.000000494000,   0.04000,
,,,0.000000494200,   0.04000,
,,,0.000000494400,   0.04000,
,,,0.000000494600,   0.04000,
,,,0.000000494800,   0.04000,
,,,0.000000495000,   0.04000,
,,,0.000000495200,   0.08000,
,,,0.000000495400,   0.04000,
,,,0.000000495600,   0.04000,
,,,0.000000495800,   0.04000,
,,,0.000000496000,   0.04000,
,,,0.000000496200,   0.04000,
,,,0.000000496400,   0.04000,
,,,0.000000496600,   0.04000,
,,,0.000000496800,   0.04000,
,,,0.000000497000,   0.04000,
,,,0.000000497200,   0.08000,
,,,0.000000497400,   0.08000,
,,,0.000000497600,   0.08000,
,,,0.000000497800,   0.08000,
,,,0.000000498000,   0.08000,
,,,0.000000498200,   0.08000,
,,,0.000000498400,   0.04000,
,,,0.000000498600,   0.04000,
,,,0.000000498800,   0.00000,
,,,0.000000499000,   0.00000,
,,,0.000000499200,   0.00000,
,,,0.000000499400,   0.00000,
,,,0.000000499600,  -0.04000,
,,,0.000000499800,   0.00000,
,,,0.000000500000,   0.00000,
,,,0.000000500200,   0.00000,
,,,0.000000500400,   0.00000,
,,,0.000000500600,   0.00000,
,,,0.000000500800,   0.00000,
,,,0.000000501000,   0.00000,
,,,0.000000501200,   0.00000,
,,,0.000000501400,   0.00000,
,,,0.000000501600,   0.00000,
,,,0.000000501800,   0.00000,
,,,0.000000502000,   0.00000,
,,,0.000000502200,   0.00000,
,,,0.000000502400,   0.00000,
,,,0.000000502600,   0.00000,
,,,0.000000502800,   0.00000,
,,,0.000000503000,   0.00000,
,,,0.000000503200,   0.00000,
,,,0.000000503400,   0.00000,
,,,0.000000503600,   0.00000,
,,,0.000000503800,   0.00000,
,,,0.000000504000,   0.00000,
,,,0.000000504200,   0.00000,
,,,0.000000504400,  -0.04000,
,,,0.000000504600,  -0.04000,
,,,0.000000504800,  -0.04000,
,,,0.000000505000,  -0.04000,
,,,0.000000505200,  -0.04000,
,,,0.000000505400,  -0.04000,
,,,0.000000505600,  -0.04000,
,,,0.000000505800,  -0.04000,
,,,0.000000506000,  -0.04000,
,,,0.000000506200,  -0.04000,
,,,0.000000506400,  -0.04000,
,,,0.000000506600,  -0.04000,
,,,0.000000506800,  -0.04000,
,,,0.000000507000,  -0.04000,
,,,0.000000507200,  -0.04000,
,,,0.000000507400,  -0.08000,
,,,0.000000507600,  -0.08000,
,,,0.000000507800,  -0.08000,
,,,0.000000508000,  -0.08000,
,,,0.000000508200,  -0.08000,
,,,0.000000508400,  -0.08000,
,,,0.000000508600,  -0.08000,
,,,0.000000508800,  -0.08000,
,,,0.000000509000,  -0.08000,
,,,0.000000509200,  -0.08000,
,,,0.000000509400,  -0.08000,
,,,0.000000509600,  -0.08000,
,,,0.000000509800,  -0.08000,
,,,0.000000510000,  -0.08000,
,,,0.000000510200,  -0.08000,
,,,0.000000510400,  -0.08000,
,,,0.000000510600,  -0.08000,
,,,0.000000510800,  -0.08000,
,,,0.000000511000,  -0.08000,
,,,0.000000511200,  -0.08000,
,,,0.000000511400,  -0.12000,
,,,0.000000511600,  -0.12000,
,,,0.000000511800,  -0.12000,
,,,0.000000512000,  -0.12000,
,,,0.000000512200,  -0.12000,
,,,0.000000512400,  -0.16000,
,,,0.000000512600,  -0.16000,
,,,0.000000512800,  -0.16000,
,,,0.000000513000,  -0.16000,
,,,0.000000513200,  -0.12000,
,,,0.000000513400,  -0.12000,
,,,0.000000513600,  -0.12000,
,,,0.000000513800,  -0.08000,
,,,0.000000514000,  -0.08000,
,,,0.000000514200,  -0.04000,
,,,0.000000514400,  -0.04000,
,,,0.000000514600,  -0.08000,
,,,0.000000514800,  -0.08000,
,,,0.000000515000,  -0.08000,
,,,0.000000515200,  -0.08000,
,,,0.000000515400,  -0.08000,
,,,0.000000515600,  -0.08000,
,,,0.000000515800,  -0.08000,
,,,0.000000516000,  -0.08000,
,,,0.000000516200,  -0.04000,
,,,0.000000516400,  -0.08000,
,,,0.000000516600,  -0.08000,
,,,0.000000516800,  -0.08000,
,,,0.000000517000,  -0.08000,
,,,0.000000517200,  -0.08000,
,,,0.000000517400,  -0.08000,
,,,0.000000517600,  -0.08000,
,,,0.000000517800,  -0.08000,
,,,0.000000518000,  -0.08000,
,,,0.000000518200,  -0.08000,
,,,0.000000518400,  -0.08000,
,,,0.000000518600,  -0.08000,
,,,0.000000518800,  -0.08000,
,,,0.000000519000,  -0.08000,
,,,0.000000519200,  -0.08000,
,,,0.000000519400,  -0.08000,
,,,0.000000519600,  -0.08000,
,,,0.000000519800,  -0.08000,
,,,0.000000520000,  -0.08000,
,,,0.000000520200,  -0.08000,
,,,0.000000520400,  -0.08000,
,,,0.000000520600,  -0.08000,
,,,0.000000520800,  -0.08000,
,,,0.000000521000,  -0.08000,
,,,0.000000521200,  -0.04000,
,,,0.000000521400,  -0.04000,
,,,0.000000521600,  -0.04000,
,,,0.000000521800,  -0.04000,
,,,0.000000522000,  -0.04000,
,,,0.000000522200,  -0.04000,
,,,0.000000522400,  -0.04000,
,,,0.000000522600,  -0.04000,
,,,0.000000522800,  -0.04000,
,,,0.000000523000,  -0.04000,
,,,0.000000523200,   0.00000,
,,,0.000000523400,   0.00000,
,,,0.000000523600,   0.00000,
,,,0.000000523800,   0.00000,
,,,0.000000524000,   0.00000,
,,,0.000000524200,   0.04000,
,,,0.000000524400,   0.04000,
,,,0.000000524600,   0.04000,
,,,0.000000524800,   0.04000,
,,,0.000000525000,   0.04000,
,,,0.000000525200,   0.08000,
,,,0.000000525400,   0.08000,
,,,0.000000525600,   0.08000,
,,,0.000000525800,   0.12000,
,,,0.000000526000,   0.12000,
,,,0.000000526200,   0.16000,
,,,0.000000526400,   0.16000,
,,,0.000000526600,   0.16000,
,,,0.000000526800,   0.16000,
,,,0.000000527000,   0.16000,
,,,0.000000527200,   0.16000,
,,,0.000000527400,   0.16000,
,,,0.000000527600,   0.16000,
,,,0.000000527800,   0.20000,
,,,0.000000528000,   0.20000,
,,,0.000000528200,   0.24000,
,,,0.000000528400,   0.24000,
,,,0.000000528600,   0.24000,
,,,0.000000528800,   0.28000,
,,,0.000000529000,   0.28000,
,,,0.000000529200,   0.32000,
,,,0.000000529400,   0.32000,
,,,0.000000529600,   0.36000,
,,,0.000000529800,   0.36000,
,,,0.000000530000,   0.36000,
,,,0.000000530200,   0.40000,
,,,0.000000530400,   0.40000,
,,,0.000000530600,   0.40000,
,,,0.000000530800,   0.40000,
,,,0.000000531000,   0.40000,
,,,0.000000531200,   0.40000,
,,,0.000000531400,   0.40000,
,,,0.000000531600,   0.40000,
,,,0.000000531800,   0.44000,
,,,0.000000532000,   0.44000,
,,,0.000000532200,   0.48000,
,,,0.000000532400,   0.48000,
,,,0.000000532600,   0.48000,
,,,0.000000532800,   0.48000,
,,,0.000000533000,   0.48000,
,,,0.000000533200,   0.52000,
,,,0.000000533400,   0.52000,
,,,0.000000533600,   0.52000,
,,,0.000000533800,   0.56000,
,,,0.000000534000,   0.56000,
,,,0.000000534200,   0.60000,
,,,0.000000534400,   0.60000,
,,,0.000000534600,   0.60000,
,,,0.000000534800,   0.64000,
,,,0.000000535000,   0.64000,
,,,0.000000535200,   0.68000,
,,,0.000000535400,   0.68000,
,,,0.000000535600,   0.68000,
,,,0.000000535800,   0.72000,
,,,0.000000536000,   0.72000,
,,,0.000000536200,   0.76000,
,,,0.000000536400,   0.76000,
,,,0.000000536600,   0.76000,
,,,0.000000536800,   0.80000,
,,,0.000000537000,   0.80000,
,,,0.000000537200,   0.84000,
,,,0.000000537400,   0.84000,
,,,0.000000537600,   0.84000,
,,,0.000000537800,   0.88000,
,,,0.000000538000,   0.88000,
,,,0.000000538200,   0.92000,
,,,0.000000538400,   0.92000,
,,,0.000000538600,   0.92000,
,,,0.000000538800,   0.96000,
,,,0.000000539000,   0.96000,
,,,0.000000539200,   1.00000,
,,,0.000000539400,   1.00000,
,,,0.000000539600,   1.00000,
,,,0.000000539800,   1.04000,
,,,0.000000540000,   1.04000,
,,,0.000000540200,   1.08000,
,,,0.000000540400,   1.08000,
,,,0.000000540600,   1.12000,
,,,0.000000540800,   1.12000,
,,,0.000000541000,   1.16000,
,,,0.000000541200,   1.20000,
,,,0.000000541400,   1.20000,
,,,0.000000541600,   1.20000,
,,,0.000000541800,   1.24000,
,,,0.000000542000,   1.24000,
,,,0.000000542200,   1.28000,
,,,0.000000542400,   1.28000,
,,,0.000000542600,   1.28000,
,,,0.000000542800,   1.32000,
,,,0.000000543000,   1.32000,
,,,0.000000543200,   1.36000,
,,,0.000000543400,   1.36000,
,,,0.000000543600,   1.40000,
,,,0.000000543800,   1.40000,
,,,0.000000544000,   1.44000,
,,,0.000000544200,   1.48000,
,,,0.000000544400,   1.48000,
,,,0.000000544600,   1.48000,
,,,0.000000544800,   1.52000,
,,,0.000000545000,   1.52000,
,,,0.000000545200,   1.56000,
,,,0.000000545400,   1.56000,
,,,0.000000545600,   1.60000,
,,,0.000000545800,   1.60000,
,,,0.000000546000,   1.64000,
,,,0.000000546200,   1.68000,
,,,0.000000546400,   1.68000,
,,,0.000000546600,   1.72000,
,,,0.000000546800,   1.72000,
,,,0.000000547000,   1.76000,
,,,0.000000547200,   1.80000,
,,,0.000000547400,   1.80000,
,,,0.000000547600,   1.80000,
,,,0.000000547800,   1.84000,
,,,0.000000548000,   1.84000,
,,,0.000000548200,   1.88000,
,,,0.000000548400,   1.88000,
,,,0.000000548600,   1.92000,
,,,0.000000548800,   1.92000,
,,,0.000000549000,   1.96000,
,,,0.000000549200,   2.00000,
,,,0.000000549400,   2.00000,
,,,0.000000549600,   2.04000,
,,,0.000000549800,   2.04000,
,,,0.000000550000,   2.08000,
,,,0.000000550200,   2.12000,
,,,0.000000550400,   2.12000,
,,,0.000000550600,   2.16000,
,,,0.000000550800,   2.16000,
,,,0.000000551000,   2.20000,
,,,0.000000551200,   2.24000,
,,,0.000000551400,   2.24000,
,,,0.000000551600,   2.24000,
,,,0.000000551800,   2.28000,
,,,0.000000552000,   2.28000,
,,,0.000000552200,   2.32000,
,,,0.000000552400,   2.32000,
,,,0.000000552600,   2.32000,
,,,0.000000552800,   2.36000,
,,,0.000000553000,   2.36000,
,,,0.000000553200,   2.40000,
,,,0.000000553400,   2.40000,
,,,0.000000553600,   2.40000,
,,,0.000000553800,   2.44000,
,,,0.000000554000,   2.44000,
,,,0.000000554200,   2.48000,
,,,0.000000554400,   2.48000,
,,,0.000000554600,   2.52000,
,,,0.000000554800,   2.52000,
,,,0.000000555000,   2.56000,
,,,0.000000555200,   2.60000,
,,,0.000000555400,   2.60000,
,,,0.000000555600,   2.64000,
,,,0.000000555800,   2.64000,
,,,0.000000556000,   2.68000,
,,,0.000000556200,   2.72000,
,,,0.000000556400,   2.72000,
,,,0.000000556600,   2.72000,
,,,0.000000556800,   2.76000,
,,,0.000000557000,   2.76000,
,,,0.000000557200,   2.80000,
,,,0.000000557400,   2.80000,
,,,0.000000557600,   2.80000,
,,,0.000000557800,   2.84000,
,,,0.000000558000,   2.84000,
,,,0.000000558200,   2.88000,
,,,0.000000558400,   2.88000,
,,,0.000000558600,   2.88000,
,,,0.000000558800,   2.92000,
,,,0.000000559000,   2.92000,
,,,0.000000559200,   2.96000,
,,,0.000000559400,   2.96000,
,,,0.000000559600,   3.00000,
,,,0.000000559800,   3.00000,
,,,0.000000560000,   3.04000,
,,,0.000000560200,   3.08000,
,,,0.000000560400,   3.08000,
,,,0.000000560600,   3.08000,
,,,0.000000560800,   3.12000,
,,,0.000000561000,   3.12000,
,,,0.000000561200,   3.16000,
,,,0.000000561400,   3.16000,
,,,0.000000561600,   3.16000,
,,,0.000000561800,   3.20000,
,,,0.000000562000,   3.20000,
,,,0.000000562200,   3.24000,
,,,0.000000562400,   3.24000,
,,,0.000000562600,   3.24000,
,,,0.000000562800,   3.28000,
,,,0.000000563000,   3.28000,
,,,0.000000563200,   3.32000,
,,,0.000000563400,   3.32000,
,,,0.000000563600,   3.32000,
,,,0.000000563800,   3.36000,
,,,0.000000564000,   3.36000,
,,,0.000000564200,   3.40000,
,,,0.000000564400,   3.40000,
,,,0.000000564600,   3.40000,
,,,0.000000564800,   3.44000,
,,,0.000000565000,   3.44000,
,,,0.000000565200,   3.48000,
,,,0.000000565400,   3.48000,
,,,0.000000565600,   3.48000,
,,,0.000000565800,   3.52000,
,,,0.000000566000,   3.52000,
,,,0.000000566200,   3.56000,
,,,0.000000566400,   3.56000,
,,,0.000000566600,   3.56000,
,,,0.000000566800,   3.60000,
,,,0.000000567000,   3.60000,
,,,0.000000567200,   3.64000,
,,,0.000000567400,   3.64000,
,,,0.000000567600,   3.64000,
,,,0.000000567800,   3.68000,
,,,0.000000568000,   3.68000,
,,,0.000000568200,   3.72000,
,,,0.000000568400,   3.72000,
,,,0.000000568600,   3.72000,
,,,0.000000568800,   3.72000,
,,,0.000000569000,   3.72000,
,,,0.000000569200,   3.76000,
,,,0.000000569400,   3.76000,
,,,0.000000569600,   3.76000,
,,,0.000000569800,   3.80000,
,,,0.000000570000,   3.80000,
,,,0.000000570200,   3.84000,
,,,0.000000570400,   3.84000,
,,,0.000000570600,   3.84000,
,,,0.000000570800,   3.88000,
,,,0.000000571000,   3.88000,
,,,0.000000571200,   3.92000,
,,,0.000000571400,   3.92000,
,,,0.000000571600,   3.92000,
,,,0.000000571800,   3.92000,
,,,0.000000572000,   3.92000,
,,,0.000000572200,   3.96000,
,,,0.000000572400,   3.96000,
,,,0.000000572600,   3.96000,
,,,0.000000572800,   4.00000,
,,,0.000000573000,   4.00000,
,,,0.000000573200,   4.04000,
,,,0.000000573400,   4.04000,
,,,0.000000573600,   4.04000,
,,,0.000000573800,   4.04000,
,,,0.000000574000,   4.04000,
,,,0.000000574200,   4.08000,
,,,0.000000574400,   4.08000,
,,,0.000000574600,   4.08000,
,,,0.000000574800,   4.12000,
,,,0.000000575000,   4.12000,
,,,0.000000575200,   4.16000,
,,,0.000000575400,   4.16000,
,,,0.000000575600,   4.16000,
,,,0.000000575800,   4.16000,
,,,0.000000576000,   4.16000,
,,,0.000000576200,   4.20000,
,,,0.000000576400,   4.20000,
,,,0.000000576600,   4.20000,
,,,0.000000576800,   4.20000,
,,,0.000000577000,   4.20000,
,,,0.000000577200,   4.24000,
,,,0.000000577400,   4.24000,
,,,0.000000577600,   4.24000,
,,,0.000000577800,   4.24000,
,,,0.000000578000,   4.24000,
,,,0.000000578200,   4.28000,
,,,0.000000578400,   4.28000,
,,,0.000000578600,   4.28000,
,,,0.000000578800,   4.28000,
,,,0.000000579000,   4.28000,
,,,0.000000579200,   4.32000,
,,,0.000000579400,   4.32000,
,,,0.000000579600,   4.32000,
,,,0.000000579800,   4.32000,
,,,0.000000580000,   4.32000,
,,,0.000000580200,   4.36000,
,,,0.000000580400,   4.36000,
,,,0.000000580600,   4.36000,
,,,0.000000580800,   4.36000,
,,,0.000000581000,   4.36000,
,,,0.000000581200,   4.40000,
,,,0.000000581400,   4.40000,
,,,0.000000581600,   4.40000,
,,,0.000000581800,   4.40000,
,,,0.000000582000,   4.40000,
,,,0.000000582200,   4.40000,
,,,0.000000582400,   4.40000,
,,,0.000000582600,   4.40000,
,,,0.000000582800,   4.44000,
,,,0.000000583000,   4.44000,
,,,0.000000583200,   4.48000,
,,,0.000000583400,   4.48000,
,,,0.000000583600,   4.48000,
,,,0.000000583800,   4.48000,
,,,0.000000584000,   4.48000,
,,,0.000000584200,   4.48000,
,,,0.000000584400,   4.48000,
,,,0.000000584600,   4.48000,
,,,0.000000584800,   4.48000,
,,,0.000000585000,   4.48000,
,,,0.000000585200,   4.52000,
,,,0.000000585400,   4.52000,
,,,0.000000585600,   4.52000,
,,,0.000000585800,   4.52000,
,,,0.000000586000,   4.52000,
,,,0.000000586200,   4.52000,
,,,0.000000586400,   4.52000,
,,,0.000000586600,   4.48000,
,,,0.000000586800,   4.48000,
,,,0.000000587000,   4.52000,
,,,0.000000587200,   4.52000,
,,,0.000000587400,   4.52000,
,,,0.000000587600,   4.52000,
,,,0.000000587800,   4.56000,
,,,0.000000588000,   4.56000,
,,,0.000000588200,   4.60000,
,,,0.000000588400,   4.60000,
,,,0.000000588600,   4.60000,
,,,0.000000588800,   4.60000,
,,,0.000000589000,   4.64000,
,,,0.000000589200,   4.64000,
,,,0.000000589400,   4.60000,
,,,0.000000589600,   4.60000,
,,,0.000000589800,   4.60000,
,,,0.000000590000,   4.60000,
,,,0.000000590200,   4.60000,
,,,0.000000590400,   4.60000,
,,,0.000000590600,   4.60000,
,,,0.000000590800,   4.60000,
,,,0.000000591000,   4.60000,
,,,0.000000591200,   4.64000,
,,,0.000000591400,   4.64000,
,,,0.000000591600,   4.64000,
,,,0.000000591800,   4.64000,
,,,0.000000592000,   4.68000,
,,,0.000000592200,   4.68000,
,,,0.000000592400,   4.64000,
,,,0.000000592600,   4.64000,
,,,0.000000592800,   4.64000,
,,,0.000000593000,   4.64000,
,,,0.000000593200,   4.64000,
,,,0.000000593400,   4.64000,
,,,0.000000593600,   4.64000,
,,,0.000000593800,   4.64000,
,,,0.000000594000,   4.64000,
,,,0.000000594200,   4.68000,
,,,0.000000594400,   4.68000,
,,,0.000000594600,   4.68000,
,,,0.000000594800,   4.68000,
,,,0.000000595000,   4.68000,
,,,0.000000595200,   4.68000,
,,,0.000000595400,   4.68000,
,,,0.000000595600,   4.68000,
,,,0.000000595800,   4.72000,
,,,0.000000596000,   4.72000,
,,,0.000000596200,   4.76000,
,,,0.000000596400,   4.76000,
,,,0.000000596600,   4.76000,
,,,0.000000596800,   4.76000,
,,,0.000000597000,   4.76000,
,,,0.000000597200,   4.76000,
,,,0.000000597400,   4.76000,
,,,0.000000597600,   4.76000,
,,,0.000000597800,   4.76000,
,,,0.000000598000,   4.76000,
,,,0.000000598200,   4.76000,
,,,0.000000598400,   4.76000,
,,,0.000000598600,   4.76000,
,,,0.000000598800,   4.76000,
,,,0.000000599000,   4.76000,
,,,0.000000599200,   4.76000,
,,,0.000000599400,   4.76000,
,,,0.000000599600,   4.76000,
,,,0.000000599800,   4.76000,
,,,0.000000600000,   4.76000,
,,,0.000000600200,   4.80000,
,,,0.000000600400,   4.76000,
,,,0.000000600600,   4.76000,
,,,0.000000600800,   4.76000,
,,,0.000000601000,   4.76000,
,,,0.000000601200,   4.76000,
,,,0.000000601400,   4.72000,
,,,0.000000601600,   4.72000,
,,,0.000000601800,   4.72000,
,,,0.000000602000,   4.72000,
,,,0.000000602200,   4.76000,
,,,0.000000602400,   4.76000,
,,,0.000000602600,   4.76000,
,,,0.000000602800,   4.80000,
,,,0.000000603000,   4.80000,
,,,0.000000603200,   4.84000,
,,,0.000000603400,   4.84000,
,,,0.000000603600,   4.84000,
,,,0.000000603800,   4.84000,
,,,0.000000604000,   4.84000,
,,,0.000000604200,   4.84000,
,,,0.000000604400,   4.84000,
,,,0.000000604600,   4.84000,
,,,0.000000604800,   4.84000,
,,,0.000000605000,   4.84000,
,,,0.000000605200,   4.84000,
,,,0.000000605400,   4.84000,
,,,0.000000605600,   4.84000,
,,,0.000000605800,   4.84000,
,,,0.000000606000,   4.84000,
,,,0.000000606200,   4.88000,
,,,0.000000606400,   4.88000,
,,,0.000000606600,   4.88000,
,,,0.000000606800,   4.88000,
,,,0.000000607000,   4.88000,
,,,0.000000607200,   4.92000,
,,,0.000000607400,   4.92000,
,,,0.000000607600,   4.92000,
,,,0.000000607800,   4.92000,
,,,0.000000608000,   4.92000,
,,,0.000000608200,   4.92000,
,,,0.000000608400,   4.92000,
,,,0.000000608600,   4.92000,
,,,0.000000608800,   4.92000,
,,,0.000000609000,   4.92000,
,,,0.000000609200,   4.96000,
,,,0.000000609400,   4.96000,
,,,0.000000609600,   4.96000,
,,,0.000000609800,   4.96000,
,,,0.000000610000,   5.00000,
,,,0.000000610200,   5.00000,
,,,0.000000610400,   4.96000,
,,,0.000000610600,   4.96000,
,,,0.000000610800,   4.96000,
,,,0.000000611000,   4.96000,
,,,0.000000611200,   4.96000,
,,,0.000000611400,   4.92000,
,,,0.000000611600,   4.92000,
,,,0.000000611800,   4.92000,
,,,0.000000612000,   4.92000,
,,,0.000000612200,   4.96000,
,,,0.000000612400,   4.96000,
,,,0.000000612600,   4.96000,
,,,0.000000612800,   5.00000,
,,,0.000000613000,   5.00000,
,,,0.000000613200,   5.04000,
,,,0.000000613400,   5.04000,
,,,0.000000613600,   5.04000,
,,,0.000000613800,   5.04000,
,,,0.000000614000,   5.04000,
,,,0.000000614200,   5.04000,
,,,0.000000614400,   5.00000,
,,,0.000000614600,   5.00000,
,,,0.000000614800,   5.00000,
,,,0.000000615000,   5.00000,
,,,0.000000615200,   5.00000,
,,,0.000000615400,   5.00000,
,,,0.000000615600,   5.00000,
,,,0.000000615800,   5.00000,
,,,0.000000616000,   5.00000,
,,,0.000000616200,   5.04000,
,,,0.000000616400,   5.04000,
,,,0.000000616600,   5.04000,
,,,0.000000616800,   5.04000,
,,,0.000000617000,   5.04000,
,,,0.000000617200,   5.04000,
,,,0.000000617400,   5.04000,
,,,0.000000617600,   5.04000,
,,,0.000000617800,   5.04000,
,,,0.000000618000,   5.04000,
,,,0.000000618200,   5.08000,
,,,0.000000618400,   5.08000,
,,,0.000000618600,   5.08000,
,,,0.000000618800,   5.08000,
,,,0.000000619000,   5.08000,
,,,0.000000619200,   5.08000,
,,,0.000000619400,   5.08000,
,,,0.000000619600,   5.08000,
,,,0.000000619800,   5.08000,
,,,0.000000620000,   5.08000,
,,,0.000000620200,   5.08000,
,,,0.000000620400,   5.08000,
,,,0.000000620600,   5.08000,
,,,0.000000620800,   5.08000,
,,,0.000000621000,   5.08000,
,,,0.000000621200,   5.08000,
,,,0.000000621400,   5.04000,
,,,0.000000621600,   5.04000,
,,,0.000000621800,   5.04000,
,,,0.000000622000,   5.04000,
,,,0.000000622200,   5.04000,
,,,0.000000622400,   5.04000,
,,,0.000000622600,   5.04000,
,,,0.000000622800,   5.04000,
,,,0.000000623000,   5.04000,
,,,0.000000623200,   5.04000,
,,,0.000000623400,   5.04000,
,,,0.000000623600,   5.04000,
,,,0.000000623800,   5.04000,
,,,0.000000624000,   5.04000,
,,,0.000000624200,   5.04000,
,,,0.000000624400,   5.04000,
,,,0.000000624600,   5.04000,
,,,0.000000624800,   5.04000,
,,,0.000000625000,   5.04000,
,,,0.000000625200,   5.04000,
,,,0.000000625400,   5.00000,
,,,0.000000625600,   5.00000,
,,,0.000000625800,   4.96000,
,,,0.000000626000,   4.96000,
,,,0.000000626200,   4.96000,
,,,0.000000626400,   4.96000,
,,,0.000000626600,   4.92000,
,,,0.000000626800,   4.96000,
,,,0.000000627000,   4.96000,
,,,0.000000627200,   4.96000,
,,,0.000000627400,   4.96000,
,,,0.000000627600,   4.96000,
,,,0.000000627800,   4.96000,
,,,0.000000628000,   4.96000,
,,,0.000000628200,   4.96000,
,,,0.000000628400,   4.96000,
,,,0.000000628600,   4.96000,
,,,0.000000628800,   4.96000,
,,,0.000000629000,   4.96000,
,,,0.000000629200,   4.96000,
,,,0.000000629400,   4.96000,
,,,0.000000629600,   4.96000,
,,,0.000000629800,   4.96000,
,,,0.000000630000,   4.96000,
,,,0.000000630200,   4.96000,
,,,0.000000630400,   4.92000,
,,,0.000000630600,   4.92000,
,,,0.000000630800,   4.92000,
,,,0.000000631000,   4.88000,
,,,0.000000631200,   4.88000,
,,,0.000000631400,   4.84000,
,,,0.000000631600,   4.84000,
,,,0.000000631800,   4.80000,
,,,0.000000632000,   4.80000,
,,,0.000000632200,   4.80000,
,,,0.000000632400,   4.76000,
,,,0.000000632600,   4.76000,
,,,0.000000632800,   4.72000,
,,,0.000000633000,   4.72000,
,,,0.000000633200,   4.72000,
,,,0.000000633400,   4.68000,
,,,0.000000633600,   4.68000,
,,,0.000000633800,   4.68000,
,,,0.000000634000,   4.68000,
,,,0.000000634200,   4.68000,
,,,0.000000634400,   4.64000,
,,,0.000000634600,   4.64000,
,,,0.000000634800,   4.60000,
,,,0.000000635000,   4.60000,
,,,0.000000635200,   4.60000,
,,,0.000000635400,   4.56000,
,,,0.000000635600,   4.56000,
,,,0.000000635800,   4.56000,
,,,0.000000636000,   4.56000,
,,,0.000000636200,   4.56000,
,,,0.000000636400,   4.52000,
,,,0.000000636600,   4.52000,
,,,0.000000636800,   4.48000,
,,,0.000000637000,   4.48000,
,,,0.000000637200,   4.48000,
,,,0.000000637400,   4.44000,
,,,0.000000637600,   4.44000,
,,,0.000000637800,   4.40000,
,,,0.000000638000,   4.40000,
,,,0.000000638200,   4.40000,
,,,0.000000638400,   4.36000,
,,,0.000000638600,   4.36000,
,,,0.000000638800,   4.36000,
,,,0.000000639000,   4.36000,
,,,0.000000639200,   4.36000,
,,,0.000000639400,   4.32000,
,,,0.000000639600,   4.28000,
,,,0.000000639800,   4.28000,
,,,0.000000640000,   4.24000,
,,,0.000000640200,   4.24000,
,,,0.000000640400,   4.20000,
,,,0.000000640600,   4.20000,
,,,0.000000640800,   4.16000,
,,,0.000000641000,   4.16000,
,,,0.000000641200,   4.16000,
,,,0.000000641400,   4.12000,
,,,0.000000641600,   4.08000,
,,,0.000000641800,   4.08000,
,,,0.000000642000,   4.04000,
,,,0.000000642200,   4.04000,
,,,0.000000642400,   4.00000,
,,,0.000000642600,   4.00000,
,,,0.000000642800,   3.96000,
,,,0.000000643000,   3.96000,
,,,0.000000643200,   3.96000,
,,,0.000000643400,   3.92000,
,,,0.000000643600,   3.92000,
,,,0.000000643800,   3.92000,
,,,0.000000644000,   3.88000,
,,,0.000000644200,   3.88000,
,,,0.000000644400,   3.84000,
,,,0.000000644600,   3.80000,
,,,0.000000644800,   3.80000,
,,,0.000000645000,   3.76000,
,,,0.000000645200,   3.76000,
,,,0.000000645400,   3.72000,
,,,0.000000645600,   3.72000,
,,,0.000000645800,   3.68000,
,,,0.000000646000,   3.68000,
,,,0.000000646200,   3.68000,
,,,0.000000646400,   3.64000,
,,,0.000000646600,   3.64000,
,,,0.000000646800,   3.64000,
,,,0.000000647000,   3.60000,
,,,0.000000647200,   3.60000,
,,,0.000000647400,   3.56000,
,,,0.000000647600,   3.56000,
,,,0.000000647800,   3.52000,
,,,0.000000648000,   3.48000,
,,,0.000000648200,   3.48000,
,,,0.000000648400,   3.44000,
,,,0.000000648600,   3.40000,
,,,0.000000648800,   3.36000,
,,,0.000000649000,   3.32000,
,,,0.000000649200,   3.32000,
,,,0.000000649400,   3.28000,
,,,0.000000649600,   3.28000,
,,,0.000000649800,   3.24000,
,,,0.000000650000,   3.24000,
,,,0.000000650200,   3.24000,
,,,0.000000650400,   3.20000,
,,,0.000000650600,   3.16000,
,,,0.000000650800,   3.16000,
,,,0.000000651000,   3.12000,
,,,0.000000651200,   3.12000,
,,,0.000000651400,   3.08000,
,,,0.000000651600,   3.04000,
,,,0.000000651800,   3.04000,
,,,0.000000652000,   3.00000,
,,,0.000000652200,   3.00000,
,,,0.000000652400,   2.96000,
,,,0.000000652600,   2.96000,
,,,0.000000652800,   2.92000,
,,,0.000000653000,   2.92000,
,,,0.000000653200,   2.92000,
,,,0.000000653400,   2.88000,
,,,0.000000653600,   2.84000,
,,,0.000000653800,   2.84000,
,,,0.000000654000,   2.80000,
,,,0.000000654200,   2.80000,
,,,0.000000654400,   2.76000,
,,,0.000000654600,   2.76000,
,,,0.000000654800,   2.72000,
,,,0.000000655000,   2.72000,
,,,0.000000655200,   2.72000,
,,,0.000000655400,   2.68000,
,,,0.000000655600,   2.64000,
,,,0.000000655800,   2.64000,
,,,0.000000656000,   2.60000,
,,,0.000000656200,   2.60000,
,,,0.000000656400,   2.56000,
,,,0.000000656600,   2.52000,
,,,0.000000656800,   2.52000,
,,,0.000000657000,   2.48000,
,,,0.000000657200,   2.48000,
,,,0.000000657400,   2.44000,
,,,0.000000657600,   2.40000,
,,,0.000000657800,   2.40000,
,,,0.000000658000,   2.36000,
,,,0.000000658200,   2.36000,
,,,0.000000658400,   2.32000,
,,,0.000000658600,   2.28000,
,,,0.000000658800,   2.28000,
,,,0.000000659000,   2.24000,
,,,0.000000659200,   2.24000,
,,,0.000000659400,   2.20000,
,,,0.000000659600,   2.16000,
,,,0.000000659800,   2.16000,
,,,0.000000660000,   2.12000,
,,,0.000000660200,   2.12000,
,,,0.000000660400,   2.08000,
,,,0.000000660600,   2.04000,
,,,0.000000660800,   2.04000,
,,,0.000000661000,   2.00000,
,,,0.000000661200,   2.00000,
,,,0.000000661400,   1.96000,
,,,0.000000661600,   1.92000,
,,,0.000000661800,   1.92000,
,,,0.000000662000,   1.88000,
,,,0.000000662200,   1.88000,
,,,0.000000662400,   1.84000,
,,,0.000000662600,   1.80000,
,,,0.000000662800,   1.80000,
,,,0.000000663000,   1.76000,
,,,0.000000663200,   1.76000,
,,,0.000000663400,   1.72000,
,,,0.000000663600,   1.72000,
,,,0.000000663800,   1.68000,
,,,0.000000664000,   1.68000,
,,,0.000000664200,   1.68000,
,,,0.000000664400,   1.64000,
,,,0.000000664600,   1.64000,
,,,0.000000664800,   1.64000,
,,,0.000000665000,   1.60000,
,,,0.000000665200,   1.60000,
,,,0.000000665400,   1.56000,
,,,0.000000665600,   1.52000,
,,,0.000000665800,   1.52000,
,,,0.000000666000,   1.48000,
,,,0.000000666200,   1.48000,
,,,0.000000666400,   1.44000,
,,,0.000000666600,   1.40000,
,,,0.000000666800,   1.40000,
,,,0.000000667000,   1.36000,
,,,0.000000667200,   1.36000,
,,,0.000000667400,   1.32000,
,,,0.000000667600,   1.28000,
,,,0.000000667800,   1.28000,
,,,0.000000668000,   1.24000,
,,,0.000000668200,   1.24000,
,,,0.000000668400,   1.20000,
,,,0.000000668600,   1.20000,
,,,0.000000668800,   1.16000,
,,,0.000000669000,   1.16000,
,,,0.000000669200,   1.16000,
,,,0.000000669400,   1.12000,
,,,0.000000669600,   1.12000,
,,,0.000000669800,   1.08000,
,,,0.000000670000,   1.08000,
,,,0.000000670200,   1.08000,
,,,0.000000670400,   1.04000,
,,,0.000000670600,   1.04000,
,,,0.000000670800,   1.04000,
,,,0.000000671000,   1.04000,
,,,0.000000671200,   1.04000,
,,,0.000000671400,   1.00000,
,,,0.000000671600,   0.96000,
,,,0.000000671800,   0.96000,
,,,0.000000672000,   0.92000,
,,,0.000000672200,   0.92000,
,,,0.000000672400,   0.88000,
,,,0.000000672600,   0.88000,
,,,0.000000672800,   0.84000,
,,,0.000000673000,   0.84000,
,,,0.000000673200,   0.84000,
,,,0.000000673400,   0.80000,
,,,0.000000673600,   0.80000,
,,,0.000000673800,   0.76000,
,,,0.000000674000,   0.76000,
,,,0.000000674200,   0.76000,
,,,0.000000674400,   0.72000,
,,,0.000000674600,   0.72000,
,,,0.000000674800,   0.72000,
,,,0.000000675000,   0.72000,
,,,0.000000675200,   0.72000,
,,,0.000000675400,   0.68000,
,,,0.000000675600,   0.68000,
,,,0.000000675800,   0.64000,
,,,0.000000676000,   0.64000,
,,,0.000000676200,   0.64000,
,,,0.000000676400,   0.60000,
,,,0.000000676600,   0.60000,
,,,0.000000676800,   0.56000,
,,,0.000000677000,   0.56000,
,,,0.000000677200,   0.56000,
,,,0.000000677400,   0.52000,
,,,0.000000677600,   0.52000,
,,,0.000000677800,   0.52000,
,,,0.000000678000,   0.52000,
,,,0.000000678200,   0.52000,
,,,0.000000678400,   0.48000,
,,,0.000000678600,   0.48000,
,,,0.000000678800,   0.48000,
,,,0.000000679000,   0.48000,
,,,0.000000679200,   0.48000,
,,,0.000000679400,   0.48000,
,,,0.000000679600,   0.48000,
,,,0.000000679800,   0.48000,
,,,0.000000680000,   0.48000,
,,,0.000000680200,   0.48000,
,,,0.000000680400,   0.44000,
,,,0.000000680600,   0.44000,
,,,0.000000680800,   0.40000,
,,,0.000000681000,   0.40000,
,,,0.000000681200,   0.40000,
,,,0.000000681400,   0.40000,
,,,0.000000681600,   0.36000,
,,,0.000000681800,   0.40000,
,,,0.000000682000,   0.40000,
,,,0.000000682200,   0.40000,
,,,0.000000682400,   0.40000,
,,,0.000000682600,   0.40000,
,,,0.000000682800,   0.40000,
,,,0.000000683000,   0.40000,
,,,0.000000683200,   0.40000,
,,,0.000000683400,   0.36000,
,,,0.000000683600,   0.36000,
,,,0.000000683800,   0.36000,
,,,0.000000684000,   0.36000,
,,,0.000000684200,   0.36000,
,,,0.000000684400,   0.32000,
,,,0.000000684600,   0.32000,
,,,0.000000684800,   0.32000,
,,,0.000000685000,   0.32000,
,,,0.000000685200,   0.32000,
,,,0.000000685400,   0.32000,
,,,0.000000685600,   0.32000,
,,,0.000000685800,   0.32000,
