Record Length,2.500000e+03,,   0.192000000000,   0.20800,
Sample Interval,4.000000e-05,,   0.192040000000,  -0.28000,
Trigger Point,-4.800000000000e+03,,   0.192080000000,   0.24800,
,,,   0.192120000000,  -0.13600,
,,,   0.192160000000,  -0.04800,
,,,   0.192200000000,   0.20800,
Source,CH2,,   0.192240000000,  -0.28000,
Vertical Units,V,,   0.192280000000,   0.24800,
Vertical Scale,2.000000e-01,,   0.192320000000,  -0.10400,
Vertical Offset,0.000000e+00,,   0.192360000000,  -0.03200,
Horizontal Units,s,,   0.192400000000,   0.22400,
Horizontal Scale,1.000000e-02,,   0.192440000000,  -0.25600,
Pt Fmt,Y,,   0.192480000000,   0.24000,
Yzero,0.000000e+00,,   0.192520000000,  -0.11200,
Probe Atten,1.000000e+01,,   0.192560000000,  -0.04800,
Model Number,TBS1072B-EDU,,   0.192600000000,   0.20000,
Serial Number,C031464,,   0.192640000000,  -0.27200,
Firmware Version,FV:v4.06,,   0.192680000000,   0.24000,
,,,0.192720000000,  -0.12000,
,,,0.192760000000,  -0.04800,
,,,0.192800000000,   0.20800,
,,,0.192840000000,  -0.27200,
,,,0.192880000000,   0.24000,
,,,0.192920000000,  -0.09600,
,,,0.192960000000,  -0.03200,
,,,0.193000000000,   0.19200,
,,,0.193040000000,  -0.27200,
,,,0.193080000000,   0.24800,
,,,0.193120000000,  -0.11200,
,,,0.193160000000,  -0.05600,
,,,0.193200000000,   0.20000,
,,,0.193240000000,  -0.28000,
,,,0.193280000000,   0.24800,
,,,0.193320000000,  -0.11200,
,,,0.193360000000,  -0.03200,
,,,0.193400000000,   0.20800,
,,,0.193440000000,  -0.26400,
,,,0.193480000000,   0.24000,
,,,0.193520000000,  -0.11200,
,,,0.193560000000,  -0.04800,
,,,0.193600000000,   0.20000,
,,,0.193640000000,  -0.27200,
,,,0.193680000000,   0.24800,
,,,0.193720000000,  -0.12000,
,,,0.193760000000,  -0.04000,
,,,0.193800000000,   0.20000,
,,,0.193840000000,  -0.27200,
,,,0.193880000000,   0.24000,
,,,0.193920000000,  -0.12000,
,,,0.193960000000,  -0.03200,
,,,0.194000000000,   0.20000,
,,,0.194040000000,  -0.26400,
,,,0.194080000000,   0.24800,
,,,0.194120000000,  -0.12800,
,,,0.194160000000,  -0.04800,
,,,0.194200000000,   0.21600,
,,,0.194240000000,  -0.27200,
,,,0.194280000000,   0.24800,
,,,0.194320000000,  -0.12800,
,,,0.194360000000,  -0.04000,
,,,0.194400000000,   0.20000,
,,,0.194440000000,  -0.28000,
,,,0.194480000000,   0.24000,
,,,0.194520000000,  -0.11200,
,,,0.194560000000,  -0.04000,
,,,0.194600000000,   0.17600,
,,,0.194640000000,  -0.27200,
,,,0.194680000000,   0.24000,
,,,0.194720000000,  -0.12800,
,,,0.194760000000,  -0.03200,
,,,0.194800000000,   0.21600,
,,,0.194840000000,  -0.26400,
,,,0.194880000000,   0.24800,
,,,0.194920000000,  -0.13600,
,,,0.194960000000,  -0.01600,
,,,0.195000000000,   0.20800,
,,,0.195040000000,  -0.28800,
,,,0.195080000000,   0.26400,
,,,0.195120000000,  -0.12000,
,,,0.195160000000,  -0.03200,
,,,0.195200000000,   0.20000,
,,,0.195240000000,  -0.27200,
,,,0.195280000000,   0.24800,
,,,0.195320000000,  -0.12000,
,,,0.195360000000,  -0.03200,
,,,0.195400000000,   0.20000,
,,,0.195440000000,  -0.28000,
,,,0.195480000000,   0.24000,
,,,0.195520000000,  -0.12800,
,,,0.195560000000,  -0.03200,
,,,0.195600000000,   0.17600,
,,,0.195640000000,  -0.28000,
,,,0.195680000000,   0.24000,
,,,0.195720000000,  -0.12800,
,,,0.195760000000,  -0.02400,
,,,0.195800000000,   0.19200,
,,,0.195840000000,  -0.26400,
,,,0.195880000000,   0.24800,
,,,0.195920000000,  -0.13600,
,,,0.195960000000,  -0.02400,
,,,0.196000000000,   0.17600,
,,,0.196040000000,  -0.26400,
,,,0.196080000000,   0.25600,
,,,0.196120000000,  -0.12800,
,,,0.196160000000,  -0.04800,
,,,0.196200000000,   0.20000,
,,,0.196240000000,  -0.26400,
,,,0.196280000000,   0.24800,
,,,0.196320000000,  -0.13600,
,,,0.196360000000,  -0.02400,
,,,0.196400000000,   0.17600,
,,,0.196440000000,  -0.26400,
,,,0.196480000000,   0.24000,
,,,0.196520000000,  -0.11200,
,,,0.196560000000,  -0.01600,
,,,0.196600000000,   0.19200,
,,,0.196640000000,  -0.26400,
,,,0.196680000000,   0.24800,
,,,0.196720000000,  -0.12800,
,,,0.196760000000,  -0.04000,
,,,0.196800000000,   0.20000,
,,,0.196840000000,  -0.27200,
,,,0.196880000000,   0.24800,
,,,0.196920000000,  -0.13600,
,,,0.196960000000,  -0.01600,
,,,0.197000000000,   0.16000,
,,,0.197040000000,  -0.26400,
,,,0.197080000000,   0.24800,
,,,0.197120000000,  -0.13600,
,,,0.197160000000,  -0.02400,
,,,0.197200000000,   0.19200,
,,,0.197240000000,  -0.26400,
,,,0.197280000000,   0.24800,
,,,0.197320000000,  -0.13600,
,,,0.197360000000,  -0.01600,
,,,0.197400000000,   0.17600,
,,,0.197440000000,  -0.27200,
,,,0.197480000000,   0.24000,
,,,0.197520000000,  -0.13600,
,,,0.197560000000,  -0.01600,
,,,0.197600000000,   0.16800,
,,,0.197640000000,  -0.26400,
,,,0.197680000000,   0.24800,
,,,0.197720000000,  -0.13600,
,,,0.197760000000,  -0.02400,
,,,0.197800000000,   0.17600,
,,,0.197840000000,  -0.26400,
,,,0.197880000000,   0.25600,
,,,0.197920000000,  -0.14400,
,,,0.197960000000,  -0.01600,
,,,0.198000000000,   0.19200,
,,,0.198040000000,  -0.26400,
,,,0.198080000000,   0.24800,
,,,0.198120000000,  -0.13600,
,,,0.198160000000,  -0.01600,
,,,0.198200000000,   0.16000,
,,,0.198240000000,  -0.25600,
,,,0.198280000000,   0.26400,
,,,0.198320000000,  -0.13600,
,,,0.198360000000,  -0.01600,
,,,0.198400000000,   0.19200,
,,,0.198440000000,  -0.26400,
,,,0.198480000000,   0.24800,
,,,0.198520000000,  -0.13600,
,,,0.198560000000,   0.00000,
,,,0.198600000000,   0.16800,
,,,0.198640000000,  -0.26400,
,,,0.198680000000,   0.24800,
,,,0.198720000000,  -0.13600,
,,,0.198760000000,  -0.01600,
,,,0.198800000000,   0.16800,
,,,0.198840000000,  -0.27200,
,,,0.198880000000,   0.26400,
,,,0.198920000000,  -0.15200,
,,,0.198960000000,  -0.00800,
,,,0.199000000000,   0.17600,
,,,0.199040000000,  -0.26400,
,,,0.199080000000,   0.26400,
,,,0.199120000000,  -0.13600,
,,,0.199160000000,  -0.02400,
,,,0.199200000000,   0.16800,
,,,0.199240000000,  -0.25600,
,,,0.199280000000,   0.25600,
,,,0.199320000000,  -0.14400,
,,,0.199360000000,   0.00000,
,,,0.199400000000,   0.16800,
,,,0.199440000000,  -0.25600,
,,,0.199480000000,   0.25600,
,,,0.199520000000,  -0.13600,
,,,0.199560000000,   0.00000,
,,,0.199600000000,   0.16000,
,,,0.199640000000,  -0.26400,
,,,0.199680000000,   0.25600,
,,,0.199720000000,  -0.14400,
,,,0.199760000000,  -0.00800,
,,,0.199800000000,   0.20000,
,,,0.199840000000,  -0.27200,
,,,0.199880000000,   0.25600,
,,,0.199920000000,  -0.15200,
,,,0.199960000000,  -0.00800,
,,,0.200000000000,   0.16800,
,,,0.200040000000,  -0.25600,
,,,0.200080000000,   0.25600,
,,,0.200120000000,  -0.13600,
,,,0.200160000000,  -0.00800,
,,,0.200200000000,   0.16000,
,,,0.200240000000,  -0.25600,
,,,0.200280000000,   0.26400,
,,,0.200320000000,  -0.16000,
,,,0.200360000000,  -0.00800,
,,,0.200400000000,   0.16800,
,,,0.200440000000,  -0.26400,
,,,0.200480000000,   0.25600,
,,,0.200520000000,  -0.16000,
,,,0.200560000000,   0.01600,
,,,0.200600000000,   0.16000,
,,,0.200640000000,  -0.26400,
,,,0.200680000000,   0.25600,
,,,0.200720000000,  -0.15200,
,,,0.200760000000,  -0.00800,
,,,0.200800000000,   0.16000,
,,,0.200840000000,  -0.26400,
,,,0.200880000000,   0.24800,
,,,0.200920000000,  -0.15200,
,,,0.200960000000,  -0.01600,
,,,0.201000000000,   0.15200,
,,,0.201040000000,  -0.25600,
,,,0.201080000000,   0.24800,
,,,0.201120000000,  -0.14400,
,,,0.201160000000,   0.00000,
,,,0.201200000000,   0.16000,
,,,0.201240000000,  -0.24800,
,,,0.201280000000,   0.28000,
,,,0.201320000000,  -0.13600,
,,,0.201360000000,   0.00000,
,,,0.201400000000,   0.17600,
,,,0.201440000000,  -0.25600,
,,,0.201480000000,   0.28000,
,,,0.201520000000,  -0.16800,
,,,0.201560000000,   0.00800,
,,,0.201600000000,   0.15200,
,,,0.201640000000,  -0.26400,
,,,0.201680000000,   0.25600,
,,,0.201720000000,  -0.16000,
,,,0.201760000000,  -0.00800,
,,,0.201800000000,   0.15200,
,,,0.201840000000,  -0.26400,
,,,0.201880000000,   0.25600,
,,,0.201920000000,  -0.15200,
,,,0.201960000000,   0.00800,
,,,0.202000000000,   0.16800,
,,,0.202040000000,  -0.26400,
,,,0.202080000000,   0.26400,
,,,0.202120000000,  -0.14400,
,,,0.202160000000,  -0.00800,
,,,0.202200000000,   0.16000,
,,,0.202240000000,  -0.25600,
,,,0.202280000000,   0.28000,
,,,0.202320000000,  -0.15200,
,,,0.202360000000,   0.01600,
,,,0.202400000000,   0.17600,
,,,0.202440000000,  -0.26400,
,,,0.202480000000,   0.26400,
,,,0.202520000000,  -0.16800,
,,,0.202560000000,   0.01600,
,,,0.202600000000,   0.15200,
,,,0.202640000000,  -0.25600,
,,,0.202680000000,   0.24800,
,,,0.202720000000,  -0.15200,
,,,0.202760000000,   0.00000,
,,,0.202800000000,   0.16000,
,,,0.202840000000,  -0.25600,
,,,0.202880000000,   0.26400,
,,,0.202920000000,  -0.16800,
,,,0.202960000000,   0.01600,
,,,0.203000000000,   0.15200,
,,,0.203040000000,  -0.25600,
,,,0.203080000000,   0.25600,
,,,0.203120000000,  -0.16000,
,,,0.203160000000,   0.01600,
,,,0.203200000000,   0.14400,
,,,0.203240000000,  -0.24800,
,,,0.203280000000,   0.26400,
,,,0.203320000000,  -0.16000,
,,,0.203360000000,   0.00800,
,,,0.203400000000,   0.16000,
,,,0.203440000000,  -0.25600,
,,,0.203480000000,   0.25600,
,,,0.203520000000,  -0.17600,
,,,0.203560000000,   0.01600,
,,,0.203600000000,   0.15200,
,,,0.203640000000,  -0.26400,
,,,0.203680000000,   0.25600,
,,,0.203720000000,  -0.15200,
,,,0.203760000000,   0.01600,
,,,0.203800000000,   0.16800,
,,,0.203840000000,  -0.25600,
,,,0.203880000000,   0.24800,
,,,0.203920000000,  -0.17600,
,,,0.203960000000,   0.02400,
,,,0.204000000000,   0.15200,
,,,0.204040000000,  -0.25600,
,,,0.204080000000,   0.26400,
,,,0.204120000000,  -0.16800,
,,,0.204160000000,   0.02400,
,,,0.204200000000,   0.14400,
,,,0.204240000000,  -0.24000,
,,,0.204280000000,   0.25600,
,,,0.204320000000,  -0.16800,
,,,0.204360000000,   0.00000,
,,,0.204400000000,   0.16000,
,,,0.204440000000,  -0.25600,
,,,0.204480000000,   0.26400,
,,,0.204520000000,  -0.16800,
,,,0.204560000000,   0.03200,
,,,0.204600000000,   0.13600,
,,,0.204640000000,  -0.24800,
,,,0.204680000000,   0.27200,
,,,0.204720000000,  -0.16800,
,,,0.204760000000,   0.00800,
,,,0.204800000000,   0.16000,
,,,0.204840000000,  -0.25600,
,,,0.204880000000,   0.27200,
,,,0.204920000000,  -0.17600,
,,,0.204960000000,   0.01600,
,,,0.205000000000,   0.14400,
,,,0.205040000000,  -0.25600,
,,,0.205080000000,   0.25600,
,,,0.205120000000,  -0.15200,
,,,0.205160000000,   0.03200,
,,,0.205200000000,   0.13600,
,,,0.205240000000,  -0.25600,
,,,0.205280000000,   0.26400,
,,,0.205320000000,  -0.17600,
,,,0.205360000000,   0.02400,
,,,0.205400000000,   0.15200,
,,,0.205440000000,  -0.26400,
,,,0.205480000000,   0.28000,
,,,0.205520000000,  -0.18400,
,,,0.205560000000,   0.03200,
,,,0.205600000000,   0.14400,
,,,0.205640000000,  -0.24800,
,,,0.205680000000,   0.27200,
,,,0.205720000000,  -0.16800,
,,,0.205760000000,   0.02400,
,,,0.205800000000,   0.12800,
,,,0.205840000000,  -0.24800,
,,,0.205880000000,   0.26400,
,,,0.205920000000,  -0.16800,
,,,0.205960000000,   0.03200,
,,,0.206000000000,   0.14400,
,,,0.206040000000,  -0.26400,
,,,0.206080000000,   0.26400,
,,,0.206120000000,  -0.16000,
,,,0.206160000000,   0.03200,
,,,0.206200000000,   0.13600,
,,,0.206240000000,  -0.24800,
,,,0.206280000000,   0.26400,
,,,0.206320000000,  -0.17600,
,,,0.206360000000,   0.02400,
,,,0.206400000000,   0.13600,
,,,0.206440000000,  -0.24800,
,,,0.206480000000,   0.27200,
,,,0.206520000000,  -0.17600,
,,,0.206560000000,   0.03200,
,,,0.206600000000,   0.14400,
,,,0.206640000000,  -0.24800,
,,,0.206680000000,   0.28000,
,,,0.206720000000,  -0.17600,
,,,0.206760000000,   0.02400,
,,,0.206800000000,   0.13600,
,,,0.206840000000,  -0.24000,
,,,0.206880000000,   0.27200,
,,,0.206920000000,  -0.18400,
,,,0.206960000000,   0.04000,
,,,0.207000000000,   0.14400,
,,,0.207040000000,  -0.26400,
,,,0.207080000000,   0.27200,
,,,0.207120000000,  -0.18400,
,,,0.207160000000,   0.04000,
,,,0.207200000000,   0.12000,
,,,0.207240000000,  -0.24800,
,,,0.207280000000,   0.25600,
,,,0.207320000000,  -0.17600,
,,,0.207360000000,   0.02400,
,,,0.207400000000,   0.12800,
,,,0.207440000000,  -0.25600,
,,,0.207480000000,   0.26400,
,,,0.207520000000,  -0.17600,
,,,0.207560000000,   0.04000,
,,,0.207600000000,   0.13600,
,,,0.207640000000,  -0.25600,
,,,0.207680000000,   0.26400,
,,,0.207720000000,  -0.16800,
,,,0.207760000000,   0.03200,
,,,0.207800000000,   0.12000,
,,,0.207840000000,  -0.24800,
,,,0.207880000000,   0.27200,
,,,0.207920000000,  -0.19200,
,,,0.207960000000,   0.04000,
,,,0.208000000000,   0.13600,
,,,0.208040000000,  -0.24800,
,,,0.208080000000,   0.27200,
,,,0.208120000000,  -0.20000,
,,,0.208160000000,   0.04000,
,,,0.208200000000,   0.12800,
,,,0.208240000000,  -0.24000,
,,,0.208280000000,   0.28000,
,,,0.208320000000,  -0.17600,
,,,0.208360000000,   0.03200,
,,,0.208400000000,   0.13600,
,,,0.208440000000,  -0.24000,
,,,0.208480000000,   0.26400,
,,,0.208520000000,  -0.19200,
,,,0.208560000000,   0.04800,
,,,0.208600000000,   0.12800,
,,,0.208640000000,  -0.25600,
,,,0.208680000000,   0.26400,
,,,0.208720000000,  -0.19200,
,,,0.208760000000,   0.04000,
,,,0.208800000000,   0.11200,
,,,0.208840000000,  -0.24800,
,,,0.208880000000,   0.28000,
,,,0.208920000000,  -0.19200,
,,,0.208960000000,   0.04000,
,,,0.209000000000,   0.13600,
,,,0.209040000000,  -0.24800,
,,,0.209080000000,   0.27200,
,,,0.209120000000,  -0.19200,
,,,0.209160000000,   0.04800,
,,,0.209200000000,   0.12000,
,,,0.209240000000,  -0.24000,
,,,0.209280000000,   0.28000,
,,,0.209320000000,  -0.18400,
,,,0.209360000000,   0.04000,
,,,0.209400000000,   0.12800,
,,,0.209440000000,  -0.24000,
,,,0.209480000000,   0.28000,
,,,0.209520000000,  -0.19200,
,,,0.209560000000,   0.04800,
,,,0.209600000000,   0.11200,
,,,0.209640000000,  -0.25600,
,,,0.209680000000,   0.28000,
,,,0.209720000000,  -0.19200,
,,,0.209760000000,   0.07200,
,,,0.209800000000,   0.12000,
,,,0.209840000000,  -0.24000,
,,,0.209880000000,   0.28000,
,,,0.209920000000,  -0.19200,
,,,0.209960000000,   0.04000,
,,,0.210000000000,   0.12000,
,,,0.210040000000,  -0.24800,
,,,0.210080000000,   0.28800,
,,,0.210120000000,  -0.20000,
,,,0.210160000000,   0.04800,
,,,0.210200000000,   0.12000,
,,,0.210240000000,  -0.24000,
,,,0.210280000000,   0.27200,
,,,0.210320000000,  -0.19200,
,,,0.210360000000,   0.04000,
,,,0.210400000000,   0.12800,
,,,0.210440000000,  -0.24800,
,,,0.210480000000,   0.28000,
,,,0.210520000000,  -0.20000,
,,,0.210560000000,   0.06400,
,,,0.210600000000,   0.11200,
,,,0.210640000000,  -0.26400,
,,,0.210680000000,   0.28000,
,,,0.210720000000,  -0.19200,
,,,0.210760000000,   0.04800,
,,,0.210800000000,   0.11200,
,,,0.210840000000,  -0.23200,
,,,0.210880000000,   0.28000,
,,,0.210920000000,  -0.20000,
,,,0.210960000000,   0.04800,
,,,0.211000000000,   0.12000,
,,,0.211040000000,  -0.24800,
,,,0.211080000000,   0.28000,
,,,0.211120000000,  -0.18400,
,,,0.211160000000,   0.06400,
,,,0.211200000000,   0.12000,
,,,0.211240000000,  -0.24000,
,,,0.211280000000,   0.23200,
,,,0.211320000000,  -0.18400,
,,,0.211360000000,   0.06400,
,,,0.211400000000,   0.12000,
,,,0.211440000000,  -0.23200,
,,,0.211480000000,   0.27200,
,,,0.211520000000,  -0.20000,
,,,0.211560000000,   0.06400,
,,,0.211600000000,   0.11200,
,,,0.211640000000,  -0.24800,
,,,0.211680000000,   0.28000,
,,,0.211720000000,  -0.16800,
,,,0.211760000000,   0.08000,
,,,0.211800000000,   0.10400,
,,,0.211840000000,  -0.23200,
,,,0.211880000000,   0.28000,
,,,0.211920000000,  -0.20000,
,,,0.211960000000,   0.04800,
,,,0.212000000000,   0.11200,
,,,0.212040000000,  -0.26400,
,,,0.212080000000,   0.25600,
,,,0.212120000000,  -0.20800,
,,,0.212160000000,   0.04800,
,,,0.212200000000,   0.09600,
,,,0.212240000000,  -0.20000,
,,,0.212280000000,   0.28000,
,,,0.212320000000,  -0.18400,
,,,0.212360000000,   0.06400,
,,,0.212400000000,   0.10400,
,,,0.212440000000,  -0.21600,
,,,0.212480000000,   0.28000,
,,,0.212520000000,  -0.20000,
,,,0.212560000000,   0.06400,
,,,0.212600000000,   0.12000,
,,,0.212640000000,  -0.23200,
,,,0.212680000000,   0.28000,
,,,0.212720000000,  -0.20000,
,,,0.212760000000,   0.07200,
,,,0.212800000000,   0.08800,
,,,0.212840000000,  -0.23200,
,,,0.212880000000,   0.28000,
,,,0.212920000000,  -0.20800,
,,,0.212960000000,   0.06400,
,,,0.213000000000,   0.11200,
,,,0.213040000000,  -0.24000,
,,,0.213080000000,   0.28000,
,,,0.213120000000,  -0.21600,
,,,0.213160000000,   0.07200,
,,,0.213200000000,   0.11200,
,,,0.213240000000,  -0.23200,
,,,0.213280000000,   0.28000,
,,,0.213320000000,  -0.20800,
,,,0.213360000000,   0.06400,
,,,0.213400000000,   0.10400,
,,,0.213440000000,  -0.22400,
,,,0.213480000000,   0.28000,
,,,0.213520000000,  -0.20000,
,,,0.213560000000,   0.06400,
,,,0.213600000000,   0.11200,
,,,0.213640000000,  -0.23200,
,,,0.213680000000,   0.26400,
,,,0.213720000000,  -0.21600,
,,,0.213760000000,   0.08000,
,,,0.213800000000,   0.09600,
,,,0.213840000000,  -0.23200,
,,,0.213880000000,   0.27200,
,,,0.213920000000,  -0.20000,
,,,0.213960000000,   0.06400,
,,,0.214000000000,   0.10400,
,,,0.214040000000,  -0.24000,
,,,0.214080000000,   0.28000,
,,,0.214120000000,  -0.21600,
,,,0.214160000000,   0.07200,
,,,0.214200000000,   0.10400,
,,,0.214240000000,  -0.23200,
,,,0.214280000000,   0.28000,
,,,0.214320000000,  -0.19200,
,,,0.214360000000,   0.04800,
,,,0.214400000000,   0.08800,
,,,0.214440000000,  -0.23200,
,,,0.214480000000,   0.28000,
,,,0.214520000000,  -0.21600,
,,,0.214560000000,   0.08800,
,,,0.214600000000,   0.09600,
,,,0.214640000000,  -0.23200,
,,,0.214680000000,   0.26400,
,,,0.214720000000,  -0.20800,
,,,0.214760000000,   0.08000,
,,,0.214800000000,   0.08000,
,,,0.214840000000,  -0.22400,
,,,0.214880000000,   0.28000,
,,,0.214920000000,  -0.20800,
,,,0.214960000000,   0.07200,
,,,0.215000000000,   0.10400,
,,,0.215040000000,  -0.23200,
,,,0.215080000000,   0.28000,
,,,0.215120000000,  -0.21600,
,,,0.215160000000,   0.08000,
,,,0.215200000000,   0.08800,
,,,0.215240000000,  -0.23200,
,,,0.215280000000,   0.28000,
,,,0.215320000000,  -0.20800,
,,,0.215360000000,   0.06400,
,,,0.215400000000,   0.08800,
,,,0.215440000000,  -0.22400,
,,,0.215480000000,   0.26400,
,,,0.215520000000,  -0.21600,
,,,0.215560000000,   0.06400,
,,,0.215600000000,   0.09600,
,,,0.215640000000,  -0.23200,
,,,0.215680000000,   0.27200,
,,,0.215720000000,  -0.21600,
,,,0.215760000000,   0.08800,
,,,0.215800000000,   0.08800,
,,,0.215840000000,  -0.22400,
,,,0.215880000000,   0.27200,
,,,0.215920000000,  -0.21600,
,,,0.215960000000,   0.07200,
,,,0.216000000000,   0.09600,
,,,0.216040000000,  -0.21600,
,,,0.216080000000,   0.27200,
,,,0.216120000000,  -0.22400,
,,,0.216160000000,   0.08000,
,,,0.216200000000,   0.08800,
,,,0.216240000000,  -0.23200,
,,,0.216280000000,   0.28000,
,,,0.216320000000,  -0.20800,
,,,0.216360000000,   0.10400,
,,,0.216400000000,   0.07200,
,,,0.216440000000,  -0.22400,
,,,0.216480000000,   0.28000,
,,,0.216520000000,  -0.21600,
,,,0.216560000000,   0.08800,
,,,0.216600000000,   0.08800,
,,,0.216640000000,  -0.23200,
,,,0.216680000000,   0.27200,
,,,0.216720000000,  -0.21600,
,,,0.216760000000,   0.09600,
,,,0.216800000000,   0.07200,
,,,0.216840000000,  -0.21600,
,,,0.216880000000,   0.27200,
,,,0.216920000000,  -0.23200,
,,,0.216960000000,   0.08000,
,,,0.217000000000,   0.08000,
,,,0.217040000000,  -0.21600,
,,,0.217080000000,   0.28800,
,,,0.217120000000,  -0.22400,
,,,0.217160000000,   0.08800,
,,,0.217200000000,   0.08000,
,,,0.217240000000,  -0.21600,
,,,0.217280000000,   0.27200,
,,,0.217320000000,  -0.21600,
,,,0.217360000000,   0.09600,
,,,0.217400000000,   0.06400,
,,,0.217440000000,  -0.22400,
,,,0.217480000000,   0.28000,
,,,0.217520000000,  -0.22400,
,,,0.217560000000,   0.08800,
,,,0.217600000000,   0.08800,
,,,0.217640000000,  -0.21600,
,,,0.217680000000,   0.28000,
,,,0.217720000000,  -0.22400,
,,,0.217760000000,   0.10400,
,,,0.217800000000,   0.08000,
,,,0.217840000000,  -0.21600,
,,,0.217880000000,   0.28000,
,,,0.217920000000,  -0.21600,
,,,0.217960000000,   0.08000,
,,,0.218000000000,   0.09600,
,,,0.218040000000,  -0.21600,
,,,0.218080000000,   0.27200,
,,,0.218120000000,  -0.22400,
,,,0.218160000000,   0.08800,
,,,0.218200000000,   0.08000,
,,,0.218240000000,  -0.23200,
,,,0.218280000000,   0.28000,
,,,0.218320000000,  -0.21600,
,,,0.218360000000,   0.09600,
,,,0.218400000000,   0.07200,
,,,0.218440000000,  -0.20800,
,,,0.218480000000,   0.28000,
,,,0.218520000000,  -0.23200,
,,,0.218560000000,   0.09600,
,,,0.218600000000,   0.07200,
,,,0.218640000000,  -0.23200,
,,,0.218680000000,   0.27200,
,,,0.218720000000,  -0.22400,
,,,0.218760000000,   0.10400,
,,,0.218800000000,   0.06400,
,,,0.218840000000,  -0.21600,
,,,0.218880000000,   0.28800,
,,,0.218920000000,  -0.21600,
,,,0.218960000000,   0.08800,
,,,0.219000000000,   0.05600,
,,,0.219040000000,  -0.21600,
,,,0.219080000000,   0.28000,
,,,0.219120000000,  -0.22400,
,,,0.219160000000,   0.10400,
,,,0.219200000000,   0.08000,
,,,0.219240000000,  -0.22400,
,,,0.219280000000,   0.27200,
,,,0.219320000000,  -0.22400,
,,,0.219360000000,   0.11200,
,,,0.219400000000,   0.06400,
,,,0.219440000000,  -0.22400,
,,,0.219480000000,   0.28000,
,,,0.219520000000,  -0.21600,
,,,0.219560000000,   0.10400,
,,,0.219600000000,   0.07200,
,,,0.219640000000,  -0.22400,
,,,0.219680000000,   0.27200,
,,,0.219720000000,  -0.23200,
,,,0.219760000000,   0.10400,
,,,0.219800000000,   0.06400,
,,,0.219840000000,  -0.21600,
,,,0.219880000000,   0.28000,
,,,0.219920000000,  -0.22400,
,,,0.219960000000,   0.10400,
,,,0.220000000000,   0.06400,
,,,0.220040000000,  -0.20800,
,,,0.220080000000,   0.28000,
,,,0.220120000000,  -0.23200,
,,,0.220160000000,   0.10400,
,,,0.220200000000,   0.06400,
,,,0.220240000000,  -0.21600,
,,,0.220280000000,   0.28800,
,,,0.220320000000,  -0.24000,
,,,0.220360000000,   0.11200,
,,,0.220400000000,   0.06400,
,,,0.220440000000,  -0.20000,
,,,0.220480000000,   0.28000,
,,,0.220520000000,  -0.22400,
,,,0.220560000000,   0.09600,
,,,0.220600000000,   0.07200,
,,,0.220640000000,  -0.22400,
,,,0.220680000000,   0.27200,
,,,0.220720000000,  -0.21600,
,,,0.220760000000,   0.11200,
,,,0.220800000000,   0.06400,
,,,0.220840000000,  -0.21600,
,,,0.220880000000,   0.26400,
,,,0.220920000000,  -0.23200,
,,,0.220960000000,   0.08800,
,,,0.221000000000,   0.04000,
,,,0.221040000000,  -0.20800,
,,,0.221080000000,   0.27200,
,,,0.221120000000,  -0.23200,
,,,0.221160000000,   0.10400,
,,,0.221200000000,   0.08000,
,,,0.221240000000,  -0.21600,
,,,0.221280000000,   0.28000,
,,,0.221320000000,  -0.22400,
,,,0.221360000000,   0.12000,
,,,0.221400000000,   0.07200,
,,,0.221440000000,  -0.20000,
,,,0.221480000000,   0.28000,
,,,0.221520000000,  -0.23200,
,,,0.221560000000,   0.11200,
,,,0.221600000000,   0.07200,
,,,0.221640000000,  -0.20000,
,,,0.221680000000,   0.26400,
,,,0.221720000000,  -0.24000,
,,,0.221760000000,   0.10400,
,,,0.221800000000,   0.04800,
,,,0.221840000000,  -0.21600,
,,,0.221880000000,   0.26400,
,,,0.221920000000,  -0.23200,
,,,0.221960000000,   0.11200,
,,,0.222000000000,   0.04000,
,,,0.222040000000,  -0.19200,
,,,0.222080000000,   0.26400,
,,,0.222120000000,  -0.23200,
,,,0.222160000000,   0.11200,
,,,0.222200000000,   0.06400,
,,,0.222240000000,  -0.20000,
,,,0.222280000000,   0.28800,
,,,0.222320000000,  -0.23200,
,,,0.222360000000,   0.12800,
,,,0.222400000000,   0.04800,
,,,0.222440000000,  -0.22400,
,,,0.222480000000,   0.28800,
,,,0.222520000000,  -0.23200,
,,,0.222560000000,   0.12000,
,,,0.222600000000,   0.05600,
,,,0.222640000000,  -0.19200,
,,,0.222680000000,   0.26400,
,,,0.222720000000,  -0.23200,
,,,0.222760000000,   0.11200,
,,,0.222800000000,   0.04800,
,,,0.222840000000,  -0.20800,
,,,0.222880000000,   0.28000,
,,,0.222920000000,  -0.24000,
,,,0.222960000000,   0.13600,
,,,0.223000000000,   0.03200,
,,,0.223040000000,  -0.20000,
,,,0.223080000000,   0.28000,
,,,0.223120000000,  -0.23200,
,,,0.223160000000,   0.12000,
,,,0.223200000000,   0.06400,
,,,0.223240000000,  -0.21600,
,,,0.223280000000,   0.27200,
,,,0.223320000000,  -0.23200,
,,,0.223360000000,   0.12800,
,,,0.223400000000,   0.04000,
,,,0.223440000000,  -0.20000,
,,,0.223480000000,   0.26400,
,,,0.223520000000,  -0.23200,
,,,0.223560000000,   0.12000,
,,,0.223600000000,   0.04800,
,,,0.223640000000,  -0.19200,
,,,0.223680000000,   0.28000,
,,,0.223720000000,  -0.24800,
,,,0.223760000000,   0.12000,
,,,0.223800000000,   0.04800,
,,,0.223840000000,  -0.20000,
,,,0.223880000000,   0.28000,
,,,0.223920000000,  -0.23200,
,,,0.223960000000,   0.13600,
,,,0.224000000000,   0.04000,
,,,0.224040000000,  -0.19200,
,,,0.224080000000,   0.28000,
,,,0.224120000000,  -0.23200,
,,,0.224160000000,   0.12800,
,,,0.224200000000,   0.04800,
,,,0.224240000000,  -0.20000,
,,,0.224280000000,   0.26400,
,,,0.224320000000,  -0.24800,
,,,0.224360000000,   0.12800,
,,,0.224400000000,   0.04800,
,,,0.224440000000,  -0.19200,
,,,0.224480000000,   0.27200,
,,,0.224520000000,  -0.24000,
,,,0.224560000000,   0.12000,
,,,0.224600000000,   0.04800,
,,,0.224640000000,  -0.18400,
,,,0.224680000000,   0.27200,
,,,0.224720000000,  -0.24000,
,,,0.224760000000,   0.12000,
,,,0.224800000000,   0.04000,
,,,0.224840000000,  -0.19200,
,,,0.224880000000,   0.27200,
,,,0.224920000000,  -0.23200,
,,,0.224960000000,   0.13600,
,,,0.225000000000,   0.04000,
,,,0.225040000000,  -0.16800,
,,,0.225080000000,   0.26400,
,,,0.225120000000,  -0.24000,
,,,0.225160000000,   0.12000,
,,,0.225200000000,   0.04000,
,,,0.225240000000,  -0.20000,
,,,0.225280000000,   0.26400,
,,,0.225320000000,  -0.24000,
,,,0.225360000000,   0.13600,
,,,0.225400000000,   0.02400,
,,,0.225440000000,  -0.20000,
,,,0.225480000000,   0.28000,
,,,0.225520000000,  -0.24000,
,,,0.225560000000,   0.12000,
,,,0.225600000000,   0.03200,
,,,0.225640000000,  -0.16800,
,,,0.225680000000,   0.28000,
,,,0.225720000000,  -0.24800,
,,,0.225760000000,   0.12800,
,,,0.225800000000,   0.04000,
,,,0.225840000000,  -0.20000,
,,,0.225880000000,   0.28000,
,,,0.225920000000,  -0.23200,
,,,0.225960000000,   0.13600,
,,,0.226000000000,   0.04000,
,,,0.226040000000,  -0.15200,
,,,0.226080000000,   0.25600,
,,,0.226120000000,  -0.24000,
,,,0.226160000000,   0.13600,
,,,0.226200000000,   0.02400,
,,,0.226240000000,  -0.20000,
,,,0.226280000000,   0.28000,
,,,0.226320000000,  -0.24000,
,,,0.226360000000,   0.15200,
,,,0.226400000000,   0.02400,
,,,0.226440000000,  -0.19200,
,,,0.226480000000,   0.26400,
,,,0.226520000000,  -0.22400,
,,,0.226560000000,   0.12000,
,,,0.226600000000,   0.02400,
,,,0.226640000000,  -0.18400,
,,,0.226680000000,   0.27200,
,,,0.226720000000,  -0.23200,
,,,0.226760000000,   0.13600,
,,,0.226800000000,   0.03200,
,,,0.226840000000,  -0.16000,
,,,0.226880000000,   0.28000,
,,,0.226920000000,  -0.25600,
,,,0.226960000000,   0.15200,
,,,0.227000000000,   0.02400,
,,,0.227040000000,  -0.20800,
,,,0.227080000000,   0.28000,
,,,0.227120000000,  -0.25600,
,,,0.227160000000,   0.14400,
,,,0.227200000000,   0.04000,
,,,0.227240000000,  -0.19200,
,,,0.227280000000,   0.25600,
,,,0.227320000000,  -0.25600,
,,,0.227360000000,   0.15200,
,,,0.227400000000,   0.02400,
,,,0.227440000000,  -0.16800,
,,,0.227480000000,   0.26400,
,,,0.227520000000,  -0.24000,
,,,0.227560000000,   0.13600,
,,,0.227600000000,   0.01600,
,,,0.227640000000,  -0.16000,
,,,0.227680000000,   0.26400,
,,,0.227720000000,  -0.24000,
,,,0.227760000000,   0.13600,
,,,0.227800000000,   0.02400,
,,,0.227840000000,  -0.16000,
,,,0.227880000000,   0.27200,
,,,0.227920000000,  -0.24800,
,,,0.227960000000,   0.15200,
,,,0.228000000000,   0.01600,
,,,0.228040000000,  -0.16000,
,,,0.228080000000,   0.27200,
,,,0.228120000000,  -0.24800,
,,,0.228160000000,   0.15200,
,,,0.228200000000,   0.04000,
,,,0.228240000000,  -0.16800,
,,,0.228280000000,   0.28000,
,,,0.228320000000,  -0.24800,
,,,0.228360000000,   0.14400,
,,,0.228400000000,   0.00800,
,,,0.228440000000,  -0.17600,
,,,0.228480000000,   0.26400,
,,,0.228520000000,  -0.24000,
,,,0.228560000000,   0.12800,
,,,0.228600000000,   0.01600,
,,,0.228640000000,  -0.15200,
,,,0.228680000000,   0.27200,
,,,0.228720000000,  -0.25600,
,,,0.228760000000,   0.13600,
,,,0.228800000000,   0.01600,
,,,0.228840000000,  -0.20000,
,,,0.228880000000,   0.26400,
,,,0.228920000000,  -0.24800,
,,,0.228960000000,   0.14400,
,,,0.229000000000,   0.00800,
,,,0.229040000000,  -0.15200,
,,,0.229080000000,   0.26400,
,,,0.229120000000,  -0.24800,
,,,0.229160000000,   0.14400,
,,,0.229200000000,   0.02400,
,,,0.229240000000,  -0.16800,
,,,0.229280000000,   0.26400,
,,,0.229320000000,  -0.24000,
,,,0.229360000000,   0.15200,
,,,0.229400000000,   0.01600,
,,,0.229440000000,  -0.16000,
,,,0.229480000000,   0.27200,
,,,0.229520000000,  -0.24800,
,,,0.229560000000,   0.16000,
,,,0.229600000000,   0.00800,
,,,0.229640000000,  -0.16000,
,,,0.229680000000,   0.26400,
,,,0.229720000000,  -0.24800,
,,,0.229760000000,   0.15200,
,,,0.229800000000,   0.01600,
,,,0.229840000000,  -0.16800,
,,,0.229880000000,   0.25600,
,,,0.229920000000,  -0.26400,
,,,0.229960000000,   0.16000,
,,,0.230000000000,   0.01600,
,,,0.230040000000,  -0.16000,
,,,0.230080000000,   0.26400,
,,,0.230120000000,  -0.24800,
,,,0.230160000000,   0.15200,
,,,0.230200000000,   0.01600,
,,,0.230240000000,  -0.14400,
,,,0.230280000000,   0.26400,
,,,0.230320000000,  -0.25600,
,,,0.230360000000,   0.16800,
,,,0.230400000000,   0.00800,
,,,0.230440000000,  -0.16800,
,,,0.230480000000,   0.26400,
,,,0.230520000000,  -0.26400,
,,,0.230560000000,   0.16000,
,,,0.230600000000,   0.00000,
,,,0.230640000000,  -0.16800,
,,,0.230680000000,   0.27200,
,,,0.230720000000,  -0.25600,
,,,0.230760000000,   0.15200,
,,,0.230800000000,   0.02400,
,,,0.230840000000,  -0.16000,
,,,0.230880000000,   0.27200,
,,,0.230920000000,  -0.25600,
,,,0.230960000000,   0.15200,
,,,0.231000000000,  -0.00800,
,,,0.231040000000,  -0.15200,
,,,0.231080000000,   0.25600,
,,,0.231120000000,  -0.26400,
,,,0.231160000000,   0.14400,
,,,0.231200000000,   0.00000,
,,,0.231240000000,  -0.16000,
,,,0.231280000000,   0.25600,
,,,0.231320000000,  -0.27200,
,,,0.231360000000,   0.17600,
,,,0.231400000000,  -0.03200,
,,,0.231440000000,  -0.15200,
,,,0.231480000000,   0.26400,
,,,0.231520000000,  -0.24800,
,,,0.231560000000,   0.19200,
,,,0.231600000000,   0.01600,
,,,0.231640000000,  -0.14400,
,,,0.231680000000,   0.27200,
,,,0.231720000000,  -0.25600,
,,,0.231760000000,   0.16800,
,,,0.231800000000,   0.00800,
,,,0.231840000000,  -0.16000,
,,,0.231880000000,   0.26400,
,,,0.231920000000,  -0.26400,
,,,0.231960000000,   0.16800,
,,,0.232000000000,   0.00000,
,,,0.232040000000,  -0.16800,
,,,0.232080000000,   0.24800,
,,,0.232120000000,  -0.28000,
,,,0.232160000000,   0.15200,
,,,0.232200000000,  -0.03200,
,,,0.232240000000,  -0.14400,
,,,0.232280000000,   0.26400,
,,,0.232320000000,  -0.26400,
,,,0.232360000000,   0.16800,
,,,0.232400000000,  -0.00800,
,,,0.232440000000,  -0.15200,
,,,0.232480000000,   0.26400,
,,,0.232520000000,  -0.24800,
,,,0.232560000000,   0.17600,
,,,0.232600000000,  -0.01600,
,,,0.232640000000,  -0.15200,
,,,0.232680000000,   0.26400,
,,,0.232720000000,  -0.26400,
,,,0.232760000000,   0.16800,
,,,0.232800000000,   0.00800,
,,,0.232840000000,  -0.16800,
,,,0.232880000000,   0.25600,
,,,0.232920000000,  -0.25600,
,,,0.232960000000,   0.17600,
,,,0.233000000000,   0.00000,
,,,0.233040000000,  -0.15200,
,,,0.233080000000,   0.25600,
,,,0.233120000000,  -0.26400,
,,,0.233160000000,   0.16800,
,,,0.233200000000,  -0.01600,
,,,0.233240000000,  -0.13600,
,,,0.233280000000,   0.25600,
,,,0.233320000000,  -0.26400,
,,,0.233360000000,   0.16800,
,,,0.233400000000,  -0.01600,
,,,0.233440000000,  -0.16000,
,,,0.233480000000,   0.26400,
,,,0.233520000000,  -0.26400,
,,,0.233560000000,   0.17600,
,,,0.233600000000,  -0.01600,
,,,0.233640000000,  -0.14400,
,,,0.233680000000,   0.26400,
,,,0.233720000000,  -0.25600,
,,,0.233760000000,   0.16800,
,,,0.233800000000,  -0.01600,
,,,0.233840000000,  -0.15200,
,,,0.233880000000,   0.25600,
,,,0.233920000000,  -0.25600,
,,,0.233960000000,   0.17600,
,,,0.234000000000,  -0.00800,
,,,0.234040000000,  -0.15200,
,,,0.234080000000,   0.26400,
,,,0.234120000000,  -0.25600,
,,,0.234160000000,   0.16800,
,,,0.234200000000,  -0.02400,
,,,0.234240000000,  -0.13600,
,,,0.234280000000,   0.25600,
,,,0.234320000000,  -0.26400,
,,,0.234360000000,   0.18400,
,,,0.234400000000,  -0.00800,
,,,0.234440000000,  -0.13600,
,,,0.234480000000,   0.26400,
,,,0.234520000000,  -0.25600,
,,,0.234560000000,   0.19200,
,,,0.234600000000,  -0.02400,
,,,0.234640000000,  -0.12800,
,,,0.234680000000,   0.25600,
,,,0.234720000000,  -0.25600,
,,,0.234760000000,   0.16800,
,,,0.234800000000,   0.00800,
,,,0.234840000000,  -0.13600,
,,,0.234880000000,   0.25600,
,,,0.234920000000,  -0.25600,
,,,0.234960000000,   0.16800,
,,,0.235000000000,  -0.01600,
,,,0.235040000000,  -0.13600,
,,,0.235080000000,   0.26400,
,,,0.235120000000,  -0.26400,
,,,0.235160000000,   0.16000,
,,,0.235200000000,  -0.04000,
,,,0.235240000000,  -0.13600,
,,,0.235280000000,   0.25600,
,,,0.235320000000,  -0.26400,
,,,0.235360000000,   0.16800,
,,,0.235400000000,  -0.01600,
,,,0.235440000000,  -0.13600,
,,,0.235480000000,   0.26400,
,,,0.235520000000,  -0.27200,
,,,0.235560000000,   0.18400,
,,,0.235600000000,   0.00000,
,,,0.235640000000,  -0.14400,
,,,0.235680000000,   0.25600,
,,,0.235720000000,  -0.27200,
,,,0.235760000000,   0.16800,
,,,0.235800000000,  -0.00800,
,,,0.235840000000,  -0.12800,
,,,0.235880000000,   0.26400,
,,,0.235920000000,  -0.25600,
,,,0.235960000000,   0.19200,
,,,0.236000000000,  -0.02400,
,,,0.236040000000,  -0.13600,
,,,0.236080000000,   0.25600,
,,,0.236120000000,  -0.25600,
,,,0.236160000000,   0.19200,
,,,0.236200000000,  -0.03200,
,,,0.236240000000,  -0.12800,
,,,0.236280000000,   0.25600,
,,,0.236320000000,  -0.26400,
,,,0.236360000000,   0.18400,
,,,0.236400000000,  -0.01600,
,,,0.236440000000,  -0.14400,
,,,0.236480000000,   0.25600,
,,,0.236520000000,  -0.25600,
,,,0.236560000000,   0.19200,
,,,0.236600000000,  -0.02400,
,,,0.236640000000,  -0.13600,
,,,0.236680000000,   0.24800,
,,,0.236720000000,  -0.26400,
,,,0.236760000000,   0.18400,
,,,0.236800000000,  -0.01600,
,,,0.236840000000,  -0.12000,
,,,0.236880000000,   0.25600,
,,,0.236920000000,  -0.27200,
,,,0.236960000000,   0.19200,
,,,0.237000000000,  -0.02400,
,,,0.237040000000,  -0.13600,
,,,0.237080000000,   0.24000,
,,,0.237120000000,  -0.26400,
,,,0.237160000000,   0.19200,
,,,0.237200000000,  -0.04000,
,,,0.237240000000,  -0.12000,
,,,0.237280000000,   0.24800,
,,,0.237320000000,  -0.26400,
,,,0.237360000000,   0.18400,
,,,0.237400000000,  -0.01600,
,,,0.237440000000,  -0.13600,
,,,0.237480000000,   0.24800,
,,,0.237520000000,  -0.26400,
,,,0.237560000000,   0.19200,
,,,0.237600000000,  -0.04000,
,,,0.237640000000,  -0.12800,
,,,0.237680000000,   0.24800,
,,,0.237720000000,  -0.24800,
,,,0.237760000000,   0.19200,
,,,0.237800000000,  -0.02400,
,,,0.237840000000,  -0.12800,
,,,0.237880000000,   0.24000,
,,,0.237920000000,  -0.27200,
,,,0.237960000000,   0.19200,
,,,0.238000000000,  -0.02400,
,,,0.238040000000,  -0.12800,
,,,0.238080000000,   0.25600,
,,,0.238120000000,  -0.26400,
,,,0.238160000000,   0.19200,
,,,0.238200000000,  -0.04000,
,,,0.238240000000,  -0.12000,
,,,0.238280000000,   0.25600,
,,,0.238320000000,  -0.26400,
,,,0.238360000000,   0.20000,
,,,0.238400000000,  -0.03200,
,,,0.238440000000,  -0.13600,
,,,0.238480000000,   0.24800,
,,,0.238520000000,  -0.26400,
,,,0.238560000000,   0.19200,
,,,0.238600000000,  -0.04800,
,,,0.238640000000,  -0.12000,
,,,0.238680000000,   0.25600,
,,,0.238720000000,  -0.27200,
,,,0.238760000000,   0.17600,
,,,0.238800000000,  -0.04800,
,,,0.238840000000,  -0.10400,
,,,0.238880000000,   0.24800,
,,,0.238920000000,  -0.26400,
,,,0.238960000000,   0.19200,
,,,0.239000000000,  -0.04000,
,,,0.239040000000,  -0.12800,
,,,0.239080000000,   0.25600,
,,,0.239120000000,  -0.26400,
,,,0.239160000000,   0.21600,
,,,0.239200000000,  -0.05600,
,,,0.239240000000,  -0.12000,
,,,0.239280000000,   0.25600,
,,,0.239320000000,  -0.26400,
,,,0.239360000000,   0.19200,
,,,0.239400000000,  -0.03200,
,,,0.239440000000,  -0.12800,
,,,0.239480000000,   0.24000,
,,,0.239520000000,  -0.27200,
,,,0.239560000000,   0.20800,
,,,0.239600000000,  -0.04800,
,,,0.239640000000,  -0.12800,
,,,0.239680000000,   0.24800,
,,,0.239720000000,  -0.26400,
,,,0.239760000000,   0.19200,
,,,0.239800000000,  -0.06400,
,,,0.239840000000,  -0.09600,
,,,0.239880000000,   0.24800,
,,,0.239920000000,  -0.26400,
,,,0.239960000000,   0.20800,
,,,0.240000000000,  -0.04000,
,,,0.240040000000,  -0.12000,
,,,0.240080000000,   0.25600,
,,,0.240120000000,  -0.26400,
,,,0.240160000000,   0.19200,
,,,0.240200000000,  -0.05600,
,,,0.240240000000,  -0.10400,
,,,0.240280000000,   0.26400,
,,,0.240320000000,  -0.26400,
,,,0.240360000000,   0.19200,
,,,0.240400000000,  -0.04800,
,,,0.240440000000,  -0.12000,
,,,0.240480000000,   0.24800,
,,,0.240520000000,  -0.27200,
,,,0.240560000000,   0.20000,
,,,0.240600000000,  -0.05600,
,,,0.240640000000,  -0.11200,
,,,0.240680000000,   0.24800,
,,,0.240720000000,  -0.27200,
,,,0.240760000000,   0.18400,
,,,0.240800000000,  -0.05600,
,,,0.240840000000,  -0.10400,
,,,0.240880000000,   0.24000,
,,,0.240920000000,  -0.27200,
,,,0.240960000000,   0.19200,
,,,0.241000000000,  -0.05600,
,,,0.241040000000,  -0.12800,
,,,0.241080000000,   0.24800,
,,,0.241120000000,  -0.27200,
,,,0.241160000000,   0.20000,
,,,0.241200000000,  -0.05600,
,,,0.241240000000,  -0.10400,
,,,0.241280000000,   0.23200,
,,,0.241320000000,  -0.26400,
,,,0.241360000000,   0.20000,
,,,0.241400000000,  -0.03200,
,,,0.241440000000,  -0.09600,
,,,0.241480000000,   0.24800,
,,,0.241520000000,  -0.25600,
,,,0.241560000000,   0.20000,
,,,0.241600000000,  -0.04000,
,,,0.241640000000,  -0.13600,
,,,0.241680000000,   0.24800,
,,,0.241720000000,  -0.27200,
,,,0.241760000000,   0.20000,
,,,0.241800000000,  -0.06400,
,,,0.241840000000,  -0.09600,
,,,0.241880000000,   0.24800,
,,,0.241920000000,  -0.27200,
,,,0.241960000000,   0.20800,
,,,0.242000000000,  -0.05600,
,,,0.242040000000,  -0.08800,
,,,0.242080000000,   0.26400,
,,,0.242120000000,  -0.27200,
,,,0.242160000000,   0.20000,
,,,0.242200000000,  -0.06400,
,,,0.242240000000,  -0.09600,
,,,0.242280000000,   0.23200,
,,,0.242320000000,  -0.26400,
,,,0.242360000000,   0.20800,
,,,0.242400000000,  -0.05600,
,,,0.242440000000,  -0.10400,
,,,0.242480000000,   0.24000,
,,,0.242520000000,  -0.28800,
,,,0.242560000000,   0.21600,
,,,0.242600000000,  -0.05600,
,,,0.242640000000,  -0.11200,
,,,0.242680000000,   0.24800,
,,,0.242720000000,  -0.26400,
,,,0.242760000000,   0.22400,
,,,0.242800000000,  -0.07200,
,,,0.242840000000,  -0.10400,
,,,0.242880000000,   0.24000,
,,,0.242920000000,  -0.26400,
,,,0.242960000000,   0.21600,
,,,0.243000000000,  -0.05600,
,,,0.243040000000,  -0.10400,
,,,0.243080000000,   0.24800,
,,,0.243120000000,  -0.25600,
,,,0.243160000000,   0.20800,
,,,0.243200000000,  -0.06400,
,,,0.243240000000,  -0.09600,
,,,0.243280000000,   0.24000,
,,,0.243320000000,  -0.27200,
,,,0.243360000000,   0.20800,
,,,0.243400000000,  -0.04800,
,,,0.243440000000,  -0.09600,
,,,0.243480000000,   0.24000,
,,,0.243520000000,  -0.26400,
,,,0.243560000000,   0.21600,
,,,0.243600000000,  -0.07200,
,,,0.243640000000,  -0.09600,
,,,0.243680000000,   0.24000,
,,,0.243720000000,  -0.26400,
,,,0.243760000000,   0.20800,
,,,0.243800000000,  -0.08000,
,,,0.243840000000,  -0.09600,
,,,0.243880000000,   0.23200,
,,,0.243920000000,  -0.27200,
,,,0.243960000000,   0.20000,
,,,0.244000000000,  -0.05600,
,,,0.244040000000,  -0.09600,
,,,0.244080000000,   0.23200,
,,,0.244120000000,  -0.27200,
,,,0.244160000000,   0.21600,
,,,0.244200000000,  -0.08000,
,,,0.244240000000,  -0.09600,
,,,0.244280000000,   0.24800,
,,,0.244320000000,  -0.27200,
,,,0.244360000000,   0.20800,
,,,0.244400000000,  -0.06400,
,,,0.244440000000,  -0.08800,
,,,0.244480000000,   0.21600,
,,,0.244520000000,  -0.26400,
,,,0.244560000000,   0.21600,
,,,0.244600000000,  -0.05600,
,,,0.244640000000,  -0.10400,
,,,0.244680000000,   0.24000,
,,,0.244720000000,  -0.27200,
,,,0.244760000000,   0.23200,
,,,0.244800000000,  -0.08000,
,,,0.244840000000,  -0.08800,
,,,0.244880000000,   0.24000,
,,,0.244920000000,  -0.28000,
,,,0.244960000000,   0.21600,
,,,0.245000000000,  -0.06400,
,,,0.245040000000,  -0.10400,
,,,0.245080000000,   0.23200,
,,,0.245120000000,  -0.26400,
,,,0.245160000000,   0.22400,
,,,0.245200000000,  -0.06400,
,,,0.245240000000,  -0.09600,
,,,0.245280000000,   0.23200,
,,,0.245320000000,  -0.26400,
,,,0.245360000000,   0.20800,
,,,0.245400000000,  -0.08800,
,,,0.245440000000,  -0.08000,
,,,0.245480000000,   0.22400,
,,,0.245520000000,  -0.27200,
,,,0.245560000000,   0.21600,
,,,0.245600000000,  -0.08000,
,,,0.245640000000,  -0.08800,
,,,0.245680000000,   0.24000,
,,,0.245720000000,  -0.27200,
,,,0.245760000000,   0.22400,
,,,0.245800000000,  -0.08800,
,,,0.245840000000,  -0.08000,
,,,0.245880000000,   0.24000,
,,,0.245920000000,  -0.26400,
,,,0.245960000000,   0.21600,
,,,0.246000000000,  -0.06400,
,,,0.246040000000,  -0.09600,
,,,0.246080000000,   0.21600,
,,,0.246120000000,  -0.27200,
,,,0.246160000000,   0.21600,
,,,0.246200000000,  -0.08800,
,,,0.246240000000,  -0.08800,
,,,0.246280000000,   0.22400,
,,,0.246320000000,  -0.28000,
,,,0.246360000000,   0.21600,
,,,0.246400000000,  -0.09600,
,,,0.246440000000,  -0.08000,
,,,0.246480000000,   0.23200,
,,,0.246520000000,  -0.26400,
,,,0.246560000000,   0.22400,
,,,0.246600000000,  -0.08000,
,,,0.246640000000,  -0.08800,
,,,0.246680000000,   0.24000,
,,,0.246720000000,  -0.27200,
,,,0.246760000000,   0.21600,
,,,0.246800000000,  -0.09600,
,,,0.246840000000,  -0.07200,
,,,0.246880000000,   0.21600,
,,,0.246920000000,  -0.27200,
,,,0.246960000000,   0.21600,
,,,0.247000000000,  -0.08000,
,,,0.247040000000,  -0.09600,
,,,0.247080000000,   0.22400,
,,,0.247120000000,  -0.27200,
,,,0.247160000000,   0.22400,
,,,0.247200000000,  -0.08000,
,,,0.247240000000,  -0.08000,
,,,0.247280000000,   0.24000,
,,,0.247320000000,  -0.27200,
,,,0.247360000000,   0.21600,
,,,0.247400000000,  -0.09600,
,,,0.247440000000,  -0.07200,
,,,0.247480000000,   0.21600,
,,,0.247520000000,  -0.28000,
,,,0.247560000000,   0.23200,
,,,0.247600000000,  -0.08800,
,,,0.247640000000,  -0.08800,
,,,0.247680000000,   0.22400,
,,,0.247720000000,  -0.27200,
,,,0.247760000000,   0.24000,
,,,0.247800000000,  -0.09600,
,,,0.247840000000,  -0.07200,
,,,0.247880000000,   0.21600,
,,,0.247920000000,  -0.27200,
,,,0.247960000000,   0.21600,
,,,0.248000000000,  -0.08800,
,,,0.248040000000,  -0.06400,
,,,0.248080000000,   0.21600,
,,,0.248120000000,  -0.27200,
,,,0.248160000000,   0.22400,
,,,0.248200000000,  -0.08800,
,,,0.248240000000,  -0.06400,
,,,0.248280000000,   0.23200,
,,,0.248320000000,  -0.27200,
,,,0.248360000000,   0.22400,
,,,0.248400000000,  -0.09600,
,,,0.248440000000,  -0.06400,
,,,0.248480000000,   0.21600,
,,,0.248520000000,  -0.27200,
,,,0.248560000000,   0.22400,
,,,0.248600000000,  -0.08800,
,,,0.248640000000,  -0.08000,
,,,0.248680000000,   0.23200,
,,,0.248720000000,  -0.27200,
,,,0.248760000000,   0.23200,
,,,0.248800000000,  -0.08800,
,,,0.248840000000,  -0.06400,
,,,0.248880000000,   0.21600,
,,,0.248920000000,  -0.27200,
,,,0.248960000000,   0.23200,
,,,0.249000000000,  -0.08800,
,,,0.249040000000,  -0.05600,
,,,0.249080000000,   0.20000,
,,,0.249120000000,  -0.28000,
,,,0.249160000000,   0.23200,
,,,0.249200000000,  -0.09600,
,,,0.249240000000,  -0.07200,
,,,0.249280000000,   0.22400,
,,,0.249320000000,  -0.27200,
,,,0.249360000000,   0.24000,
,,,0.249400000000,  -0.11200,
,,,0.249440000000,  -0.06400,
,,,0.249480000000,   0.21600,
,,,0.249520000000,  -0.27200,
,,,0.249560000000,   0.22400,
,,,0.249600000000,  -0.09600,
,,,0.249640000000,  -0.08800,
,,,0.249680000000,   0.23200,
,,,0.249720000000,  -0.26400,
,,,0.249760000000,   0.24800,
,,,0.249800000000,  -0.09600,
,,,0.249840000000,  -0.06400,
,,,0.249880000000,   0.22400,
,,,0.249920000000,  -0.28000,
,,,0.249960000000,   0.22400,
,,,0.250000000000,  -0.09600,
,,,0.250040000000,  -0.04800,
,,,0.250080000000,   0.20800,
,,,0.250120000000,  -0.24800,
,,,0.250160000000,   0.22400,
,,,0.250200000000,  -0.09600,
,,,0.250240000000,  -0.06400,
,,,0.250280000000,   0.20800,
,,,0.250320000000,  -0.27200,
,,,0.250360000000,   0.23200,
,,,0.250400000000,  -0.11200,
,,,0.250440000000,  -0.06400,
,,,0.250480000000,   0.21600,
,,,0.250520000000,  -0.27200,
,,,0.250560000000,   0.23200,
,,,0.250600000000,  -0.08800,
,,,0.250640000000,  -0.05600,
,,,0.250680000000,   0.20800,
,,,0.250720000000,  -0.27200,
,,,0.250760000000,   0.24800,
,,,0.250800000000,  -0.10400,
,,,0.250840000000,  -0.04800,
,,,0.250880000000,   0.21600,
,,,0.250920000000,  -0.26400,
,,,0.250960000000,   0.22400,
,,,0.251000000000,  -0.07200,
,,,0.251040000000,  -0.04800,
,,,0.251080000000,   0.20000,
,,,0.251120000000,  -0.27200,
,,,0.251160000000,   0.24000,
,,,0.251200000000,  -0.11200,
,,,0.251240000000,  -0.04000,
,,,0.251280000000,   0.23200,
,,,0.251320000000,  -0.26400,
,,,0.251360000000,   0.24000,
,,,0.251400000000,  -0.11200,
,,,0.251440000000,  -0.05600,
,,,0.251480000000,   0.21600,
,,,0.251520000000,  -0.27200,
,,,0.251560000000,   0.24000,
,,,0.251600000000,  -0.09600,
,,,0.251640000000,  -0.06400,
,,,0.251680000000,   0.20800,
,,,0.251720000000,  -0.28000,
,,,0.251760000000,   0.24800,
,,,0.251800000000,  -0.10400,
,,,0.251840000000,  -0.03200,
,,,0.251880000000,   0.20800,
,,,0.251920000000,  -0.28000,
,,,0.251960000000,   0.21600,
,,,0.252000000000,  -0.12800,
,,,0.252040000000,  -0.04800,
,,,0.252080000000,   0.20000,
,,,0.252120000000,  -0.28000,
,,,0.252160000000,   0.23200,
,,,0.252200000000,  -0.11200,
,,,0.252240000000,  -0.05600,
,,,0.252280000000,   0.20000,
,,,0.252320000000,  -0.30400,
,,,0.252360000000,   0.24000,
,,,0.252400000000,  -0.10400,
,,,0.252440000000,  -0.04000,
,,,0.252480000000,   0.22400,
,,,0.252520000000,  -0.27200,
,,,0.252560000000,   0.23200,
,,,0.252600000000,  -0.10400,
,,,0.252640000000,  -0.05600,
,,,0.252680000000,   0.20000,
,,,0.252720000000,  -0.27200,
,,,0.252760000000,   0.24000,
,,,0.252800000000,  -0.12000,
,,,0.252840000000,  -0.04800,
,,,0.252880000000,   0.21600,
,,,0.252920000000,  -0.26400,
,,,0.252960000000,   0.24000,
,,,0.253000000000,  -0.12000,
,,,0.253040000000,  -0.03200,
,,,0.253080000000,   0.20800,
,,,0.253120000000,  -0.26400,
,,,0.253160000000,   0.24000,
,,,0.253200000000,  -0.11200,
,,,0.253240000000,  -0.04800,
,,,0.253280000000,   0.20800,
,,,0.253320000000,  -0.27200,
,,,0.253360000000,   0.24800,
,,,0.253400000000,  -0.12000,
,,,0.253440000000,  -0.04800,
,,,0.253480000000,   0.20800,
,,,0.253520000000,  -0.27200,
,,,0.253560000000,   0.24000,
,,,0.253600000000,  -0.11200,
,,,0.253640000000,  -0.06400,
,,,0.253680000000,   0.19200,
,,,0.253720000000,  -0.27200,
,,,0.253760000000,   0.24000,
,,,0.253800000000,  -0.11200,
,,,0.253840000000,  -0.04800,
,,,0.253880000000,   0.20000,
,,,0.253920000000,  -0.26400,
,,,0.253960000000,   0.24000,
,,,0.254000000000,  -0.13600,
,,,0.254040000000,  -0.04000,
,,,0.254080000000,   0.20000,
,,,0.254120000000,  -0.27200,
,,,0.254160000000,   0.25600,
,,,0.254200000000,  -0.12000,
,,,0.254240000000,  -0.04000,
,,,0.254280000000,   0.20000,
,,,0.254320000000,  -0.27200,
,,,0.254360000000,   0.24800,
,,,0.254400000000,  -0.12000,
,,,0.254440000000,  -0.04000,
,,,0.254480000000,   0.20000,
,,,0.254520000000,  -0.27200,
,,,0.254560000000,   0.24800,
,,,0.254600000000,  -0.12000,
,,,0.254640000000,  -0.02400,
,,,0.254680000000,   0.18400,
,,,0.254720000000,  -0.27200,
,,,0.254760000000,   0.24000,
,,,0.254800000000,  -0.12000,
,,,0.254840000000,  -0.04000,
,,,0.254880000000,   0.20000,
,,,0.254920000000,  -0.25600,
,,,0.254960000000,   0.24000,
,,,0.255000000000,  -0.12800,
,,,0.255040000000,  -0.02400,
,,,0.255080000000,   0.19200,
,,,0.255120000000,  -0.26400,
,,,0.255160000000,   0.24800,
,,,0.255200000000,  -0.11200,
,,,0.255240000000,  -0.04000,
,,,0.255280000000,   0.20800,
,,,0.255320000000,  -0.27200,
,,,0.255360000000,   0.24800,
,,,0.255400000000,  -0.12800,
,,,0.255440000000,  -0.04000,
,,,0.255480000000,   0.20000,
,,,0.255520000000,  -0.26400,
,,,0.255560000000,   0.24800,
,,,0.255600000000,  -0.12800,
,,,0.255640000000,  -0.02400,
,,,0.255680000000,   0.16000,
,,,0.255720000000,  -0.27200,
,,,0.255760000000,   0.24800,
,,,0.255800000000,  -0.13600,
,,,0.255840000000,  -0.04000,
,,,0.255880000000,   0.19200,
,,,0.255920000000,  -0.27200,
,,,0.255960000000,   0.25600,
,,,0.256000000000,  -0.13600,
,,,0.256040000000,  -0.02400,
,,,0.256080000000,   0.18400,
,,,0.256120000000,  -0.27200,
,,,0.256160000000,   0.25600,
,,,0.256200000000,  -0.13600,
,,,0.256240000000,  -0.03200,
,,,0.256280000000,   0.20000,
,,,0.256320000000,  -0.27200,
,,,0.256360000000,   0.26400,
,,,0.256400000000,  -0.13600,
,,,0.256440000000,  -0.01600,
,,,0.256480000000,   0.16800,
,,,0.256520000000,  -0.27200,
,,,0.256560000000,   0.24800,
,,,0.256600000000,  -0.13600,
,,,0.256640000000,  -0.01600,
,,,0.256680000000,   0.19200,
,,,0.256720000000,  -0.27200,
,,,0.256760000000,   0.25600,
,,,0.256800000000,  -0.13600,
,,,0.256840000000,  -0.02400,
,,,0.256880000000,   0.17600,
,,,0.256920000000,  -0.26400,
,,,0.256960000000,   0.25600,
,,,0.257000000000,  -0.14400,
,,,0.257040000000,  -0.01600,
,,,0.257080000000,   0.17600,
,,,0.257120000000,  -0.26400,
,,,0.257160000000,   0.24800,
,,,0.257200000000,  -0.13600,
,,,0.257240000000,  -0.03200,
,,,0.257280000000,   0.16000,
,,,0.257320000000,  -0.26400,
,,,0.257360000000,   0.25600,
,,,0.257400000000,  -0.15200,
,,,0.257440000000,  -0.01600,
,,,0.257480000000,   0.16800,
,,,0.257520000000,  -0.27200,
,,,0.257560000000,   0.25600,
,,,0.257600000000,  -0.13600,
,,,0.257640000000,  -0.00800,
,,,0.257680000000,   0.16000,
,,,0.257720000000,  -0.27200,
,,,0.257760000000,   0.25600,
,,,0.257800000000,  -0.13600,
,,,0.257840000000,  -0.01600,
,,,0.257880000000,   0.17600,
,,,0.257920000000,  -0.26400,
,,,0.257960000000,   0.25600,
,,,0.258000000000,  -0.14400,
,,,0.258040000000,  -0.01600,
,,,0.258080000000,   0.18400,
,,,0.258120000000,  -0.27200,
,,,0.258160000000,   0.24800,
,,,0.258200000000,  -0.13600,
,,,0.258240000000,  -0.02400,
,,,0.258280000000,   0.16800,
,,,0.258320000000,  -0.25600,
,,,0.258360000000,   0.26400,
,,,0.258400000000,  -0.13600,
,,,0.258440000000,  -0.00800,
,,,0.258480000000,   0.20000,
,,,0.258520000000,  -0.26400,
,,,0.258560000000,   0.24800,
,,,0.258600000000,  -0.16000,
,,,0.258640000000,  -0.00800,
,,,0.258680000000,   0.15200,
,,,0.258720000000,  -0.26400,
,,,0.258760000000,   0.26400,
,,,0.258800000000,  -0.14400,
,,,0.258840000000,  -0.00800,
,,,0.258880000000,   0.17600,
,,,0.258920000000,  -0.27200,
,,,0.258960000000,   0.27200,
,,,0.259000000000,  -0.15200,
,,,0.259040000000,  -0.00800,
,,,0.259080000000,   0.16000,
,,,0.259120000000,  -0.27200,
,,,0.259160000000,   0.25600,
,,,0.259200000000,  -0.14400,
,,,0.259240000000,  -0.01600,
,,,0.259280000000,   0.17600,
,,,0.259320000000,  -0.26400,
,,,0.259360000000,   0.26400,
,,,0.259400000000,  -0.14400,
,,,0.259440000000,  -0.00800,
,,,0.259480000000,   0.17600,
,,,0.259520000000,  -0.27200,
,,,0.259560000000,   0.26400,
,,,0.259600000000,  -0.16000,
,,,0.259640000000,   0.00000,
,,,0.259680000000,   0.16800,
,,,0.259720000000,  -0.25600,
,,,0.259760000000,   0.25600,
,,,0.259800000000,  -0.14400,
,,,0.259840000000,  -0.00800,
,,,0.259880000000,   0.18400,
,,,0.259920000000,  -0.25600,
,,,0.259960000000,   0.26400,
,,,0.260000000000,  -0.15200,
,,,0.260040000000,   0.00000,
,,,0.260080000000,   0.16000,
,,,0.260120000000,  -0.27200,
,,,0.260160000000,   0.25600,
,,,0.260200000000,  -0.13600,
,,,0.260240000000,  -0.01600,
,,,0.260280000000,   0.15200,
,,,0.260320000000,  -0.27200,
,,,0.260360000000,   0.26400,
,,,0.260400000000,  -0.16000,
,,,0.260440000000,  -0.01600,
,,,0.260480000000,   0.16800,
,,,0.260520000000,  -0.27200,
,,,0.260560000000,   0.25600,
,,,0.260600000000,  -0.15200,
,,,0.260640000000,   0.00000,
,,,0.260680000000,   0.16000,
,,,0.260720000000,  -0.25600,
,,,0.260760000000,   0.26400,
,,,0.260800000000,  -0.12800,
,,,0.260840000000,  -0.00800,
,,,0.260880000000,   0.16000,
,,,0.260920000000,  -0.26400,
,,,0.260960000000,   0.25600,
,,,0.261000000000,  -0.17600,
,,,0.261040000000,  -0.00800,
,,,0.261080000000,   0.16800,
,,,0.261120000000,  -0.26400,
,,,0.261160000000,   0.24800,
,,,0.261200000000,  -0.16800,
,,,0.261240000000,   0.00800,
,,,0.261280000000,   0.17600,
,,,0.261320000000,  -0.24800,
,,,0.261360000000,   0.25600,
,,,0.261400000000,  -0.14400,
,,,0.261440000000,   0.00800,
,,,0.261480000000,   0.17600,
,,,0.261520000000,  -0.24800,
,,,0.261560000000,   0.26400,
,,,0.261600000000,  -0.15200,
,,,0.261640000000,   0.01600,
,,,0.261680000000,   0.19200,
,,,0.261720000000,  -0.25600,
,,,0.261760000000,   0.25600,
,,,0.261800000000,  -0.16000,
,,,0.261840000000,  -0.00800,
,,,0.261880000000,   0.13600,
,,,0.261920000000,  -0.27200,
,,,0.261960000000,   0.24800,
,,,0.262000000000,  -0.15200,
,,,0.262040000000,   0.00000,
,,,0.262080000000,   0.15200,
,,,0.262120000000,  -0.29600,
,,,0.262160000000,   0.26400,
,,,0.262200000000,  -0.15200,
,,,0.262240000000,   0.02400,
,,,0.262280000000,   0.15200,
,,,0.262320000000,  -0.24800,
,,,0.262360000000,   0.29600,
,,,0.262400000000,  -0.15200,
,,,0.262440000000,   0.01600,
,,,0.262480000000,   0.16800,
,,,0.262520000000,  -0.25600,
,,,0.262560000000,   0.28000,
,,,0.262600000000,  -0.16800,
,,,0.262640000000,   0.01600,
,,,0.262680000000,   0.14400,
,,,0.262720000000,  -0.25600,
,,,0.262760000000,   0.26400,
,,,0.262800000000,  -0.15200,
,,,0.262840000000,   0.00000,
,,,0.262880000000,   0.16000,
,,,0.262920000000,  -0.25600,
,,,0.262960000000,   0.28000,
,,,0.263000000000,  -0.16800,
,,,0.263040000000,   0.02400,
,,,0.263080000000,   0.16000,
,,,0.263120000000,  -0.25600,
,,,0.263160000000,   0.26400,
,,,0.263200000000,  -0.15200,
,,,0.263240000000,   0.02400,
,,,0.263280000000,   0.14400,
,,,0.263320000000,  -0.25600,
,,,0.263360000000,   0.26400,
,,,0.263400000000,  -0.17600,
,,,0.263440000000,   0.01600,
,,,0.263480000000,   0.16000,
,,,0.263520000000,  -0.26400,
,,,0.263560000000,   0.26400,
,,,0.263600000000,  -0.16000,
,,,0.263640000000,   0.01600,
,,,0.263680000000,   0.14400,
,,,0.263720000000,  -0.25600,
,,,0.263760000000,   0.26400,
,,,0.263800000000,  -0.16000,
,,,0.263840000000,   0.00800,
,,,0.263880000000,   0.15200,
,,,0.263920000000,  -0.25600,
,,,0.263960000000,   0.26400,
,,,0.264000000000,  -0.17600,
,,,0.264040000000,   0.02400,
,,,0.264080000000,   0.15200,
,,,0.264120000000,  -0.25600,
,,,0.264160000000,   0.25600,
,,,0.264200000000,  -0.15200,
,,,0.264240000000,   0.02400,
,,,0.264280000000,   0.13600,
,,,0.264320000000,  -0.25600,
,,,0.264360000000,   0.26400,
,,,0.264400000000,  -0.17600,
,,,0.264440000000,   0.02400,
,,,0.264480000000,   0.15200,
,,,0.264520000000,  -0.27200,
,,,0.264560000000,   0.26400,
,,,0.264600000000,  -0.17600,
,,,0.264640000000,   0.02400,
,,,0.264680000000,   0.13600,
,,,0.264720000000,  -0.26400,
,,,0.264760000000,   0.27200,
,,,0.264800000000,  -0.16800,
,,,0.264840000000,   0.01600,
,,,0.264880000000,   0.14400,
,,,0.264920000000,  -0.26400,
,,,0.264960000000,   0.26400,
,,,0.265000000000,  -0.16000,
,,,0.265040000000,   0.02400,
,,,0.265080000000,   0.13600,
,,,0.265120000000,  -0.24000,
,,,0.265160000000,   0.25600,
,,,0.265200000000,  -0.17600,
,,,0.265240000000,   0.03200,
,,,0.265280000000,   0.14400,
,,,0.265320000000,  -0.24000,
,,,0.265360000000,   0.26400,
,,,0.265400000000,  -0.16800,
,,,0.265440000000,   0.02400,
,,,0.265480000000,   0.13600,
,,,0.265520000000,  -0.25600,
,,,0.265560000000,   0.26400,
,,,0.265600000000,  -0.17600,
,,,0.265640000000,   0.02400,
,,,0.265680000000,   0.14400,
,,,0.265720000000,  -0.25600,
,,,0.265760000000,   0.26400,
,,,0.265800000000,  -0.16800,
,,,0.265840000000,   0.00800,
,,,0.265880000000,   0.13600,
,,,0.265920000000,  -0.25600,
,,,0.265960000000,   0.25600,
,,,0.266000000000,  -0.17600,
,,,0.266040000000,   0.02400,
,,,0.266080000000,   0.14400,
,,,0.266120000000,  -0.24800,
,,,0.266160000000,   0.26400,
,,,0.266200000000,  -0.18400,
,,,0.266240000000,   0.04000,
,,,0.266280000000,   0.13600,
,,,0.266320000000,  -0.25600,
,,,0.266360000000,   0.27200,
,,,0.266400000000,  -0.17600,
,,,0.266440000000,   0.02400,
,,,0.266480000000,   0.13600,
,,,0.266520000000,  -0.24800,
,,,0.266560000000,   0.27200,
,,,0.266600000000,  -0.17600,
,,,0.266640000000,   0.03200,
,,,0.266680000000,   0.12800,
,,,0.266720000000,  -0.24000,
,,,0.266760000000,   0.28000,
,,,0.266800000000,  -0.17600,
,,,0.266840000000,   0.02400,
,,,0.266880000000,   0.12800,
,,,0.266920000000,  -0.23200,
,,,0.266960000000,   0.27200,
,,,0.267000000000,  -0.18400,
,,,0.267040000000,   0.03200,
,,,0.267080000000,   0.15200,
,,,0.267120000000,  -0.25600,
,,,0.267160000000,   0.26400,
,,,0.267200000000,  -0.18400,
,,,0.267240000000,   0.04000,
,,,0.267280000000,   0.12800,
,,,0.267320000000,  -0.25600,
,,,0.267360000000,   0.27200,
,,,0.267400000000,  -0.18400,
,,,0.267440000000,   0.02400,
,,,0.267480000000,   0.13600,
,,,0.267520000000,  -0.24000,
,,,0.267560000000,   0.28000,
,,,0.267600000000,  -0.19200,
,,,0.267640000000,   0.04800,
,,,0.267680000000,   0.12800,
,,,0.267720000000,  -0.24800,
,,,0.267760000000,   0.26400,
,,,0.267800000000,  -0.17600,
,,,0.267840000000,   0.05600,
,,,0.267880000000,   0.11200,
,,,0.267920000000,  -0.25600,
,,,0.267960000000,   0.27200,
,,,0.268000000000,  -0.16800,
,,,0.268040000000,   0.03200,
,,,0.268080000000,   0.12800,
,,,0.268120000000,  -0.24000,
,,,0.268160000000,   0.27200,
,,,0.268200000000,  -0.19200,
,,,0.268240000000,   0.04000,
,,,0.268280000000,   0.12000,
,,,0.268320000000,  -0.24000,
,,,0.268360000000,   0.26400,
,,,0.268400000000,  -0.18400,
,,,0.268440000000,   0.04000,
,,,0.268480000000,   0.13600,
,,,0.268520000000,  -0.24800,
,,,0.268560000000,   0.28000,
,,,0.268600000000,  -0.18400,
,,,0.268640000000,   0.03200,
,,,0.268680000000,   0.12000,
,,,0.268720000000,  -0.25600,
,,,0.268760000000,   0.27200,
,,,0.268800000000,  -0.17600,
,,,0.268840000000,   0.05600,
,,,0.268880000000,   0.11200,
,,,0.268920000000,  -0.24000,
,,,0.268960000000,   0.28000,
,,,0.269000000000,  -0.19200,
,,,0.269040000000,   0.04800,
,,,0.269080000000,   0.12800,
,,,0.269120000000,  -0.24000,
,,,0.269160000000,   0.28000,
,,,0.269200000000,  -0.19200,
,,,0.269240000000,   0.04800,
,,,0.269280000000,   0.12000,
,,,0.269320000000,  -0.25600,
,,,0.269360000000,   0.26400,
,,,0.269400000000,  -0.18400,
,,,0.269440000000,   0.04800,
,,,0.269480000000,   0.12000,
,,,0.269520000000,  -0.23200,
,,,0.269560000000,   0.26400,
,,,0.269600000000,  -0.20000,
,,,0.269640000000,   0.04000,
,,,0.269680000000,   0.11200,
,,,0.269720000000,  -0.25600,
,,,0.269760000000,   0.28800,
,,,0.269800000000,  -0.19200,
,,,0.269840000000,   0.05600,
,,,0.269880000000,   0.11200,
,,,0.269920000000,  -0.24000,
,,,0.269960000000,   0.27200,
,,,0.270000000000,  -0.19200,
,,,0.270040000000,   0.04000,
,,,0.270080000000,   0.13600,
,,,0.270120000000,  -0.24000,
,,,0.270160000000,   0.28000,
,,,0.270200000000,  -0.20000,
,,,0.270240000000,   0.04800,
,,,0.270280000000,   0.11200,
,,,0.270320000000,  -0.24000,
,,,0.270360000000,   0.27200,
,,,0.270400000000,  -0.19200,
,,,0.270440000000,   0.04800,
,,,0.270480000000,   0.11200,
,,,0.270520000000,  -0.24000,
,,,0.270560000000,   0.26400,
,,,0.270600000000,  -0.20000,
,,,0.270640000000,   0.05600,
,,,0.270680000000,   0.11200,
,,,0.270720000000,  -0.24000,
,,,0.270760000000,   0.27200,
,,,0.270800000000,  -0.19200,
,,,0.270840000000,   0.07200,
,,,0.270880000000,   0.11200,
,,,0.270920000000,  -0.24000,
,,,0.270960000000,   0.27200,
,,,0.271000000000,  -0.20800,
,,,0.271040000000,   0.04000,
,,,0.271080000000,   0.12000,
,,,0.271120000000,  -0.24000,
,,,0.271160000000,   0.28000,
,,,0.271200000000,  -0.20000,
,,,0.271240000000,   0.06400,
,,,0.271280000000,   0.12000,
,,,0.271320000000,  -0.23200,
,,,0.271360000000,   0.28000,
,,,0.271400000000,  -0.18400,
,,,0.271440000000,   0.04800,
,,,0.271480000000,   0.07200,
,,,0.271520000000,  -0.22400,
,,,0.271560000000,   0.28000,
,,,0.271600000000,  -0.20000,
,,,0.271640000000,   0.05600,
,,,0.271680000000,   0.11200,
,,,0.271720000000,  -0.25600,
,,,0.271760000000,   0.25600,
,,,0.271800000000,  -0.21600,
,,,0.271840000000,   0.06400,
,,,0.271880000000,   0.10400,
,,,0.271920000000,  -0.24000,
,,,0.271960000000,   0.25600,
,,,0.272000000000,  -0.20000,
,,,0.272040000000,   0.04800,
,,,0.272080000000,   0.12800,
,,,0.272120000000,  -0.24000,
,,,0.272160000000,   0.28800,
,,,0.272200000000,  -0.18400,
,,,0.272240000000,   0.08000,
,,,0.272280000000,   0.11200,
,,,0.272320000000,  -0.24000,
,,,0.272360000000,   0.28800,
,,,0.272400000000,  -0.19200,
,,,0.272440000000,   0.05600,
,,,0.272480000000,   0.09600,
,,,0.272520000000,  -0.24000,
,,,0.272560000000,   0.28800,
,,,0.272600000000,  -0.20000,
,,,0.272640000000,   0.04800,
,,,0.272680000000,   0.11200,
,,,0.272720000000,  -0.24000,
,,,0.272760000000,   0.27200,
,,,0.272800000000,  -0.20000,
,,,0.272840000000,   0.08000,
,,,0.272880000000,   0.10400,
,,,0.272920000000,  -0.23200,
,,,0.272960000000,   0.27200,
,,,0.273000000000,  -0.21600,
,,,0.273040000000,   0.04800,
,,,0.273080000000,   0.11200,
,,,0.273120000000,  -0.22400,
,,,0.273160000000,   0.27200,
,,,0.273200000000,  -0.20800,
,,,0.273240000000,   0.08800,
,,,0.273280000000,   0.08800,
,,,0.273320000000,  -0.23200,
,,,0.273360000000,   0.28000,
,,,0.273400000000,  -0.20000,
,,,0.273440000000,   0.06400,
,,,0.273480000000,   0.09600,
,,,0.273520000000,  -0.22400,
,,,0.273560000000,   0.26400,
,,,0.273600000000,  -0.20800,
,,,0.273640000000,   0.07200,
,,,0.273680000000,   0.11200,
,,,0.273720000000,  -0.23200,
,,,0.273760000000,   0.26400,
,,,0.273800000000,  -0.21600,
,,,0.273840000000,   0.08800,
,,,0.273880000000,   0.09600,
,,,0.273920000000,  -0.22400,
,,,0.273960000000,   0.27200,
,,,0.274000000000,  -0.21600,
,,,0.274040000000,   0.06400,
,,,0.274080000000,   0.10400,
,,,0.274120000000,  -0.23200,
,,,0.274160000000,   0.28000,
,,,0.274200000000,  -0.21600,
,,,0.274240000000,   0.08000,
,,,0.274280000000,   0.10400,
,,,0.274320000000,  -0.23200,
,,,0.274360000000,   0.28000,
,,,0.274400000000,  -0.20800,
,,,0.274440000000,   0.09600,
,,,0.274480000000,   0.09600,
,,,0.274520000000,  -0.23200,
,,,0.274560000000,   0.27200,
,,,0.274600000000,  -0.21600,
,,,0.274640000000,   0.07200,
,,,0.274680000000,   0.09600,
,,,0.274720000000,  -0.23200,
,,,0.274760000000,   0.27200,
,,,0.274800000000,  -0.20800,
,,,0.274840000000,   0.08000,
,,,0.274880000000,   0.08800,
,,,0.274920000000,  -0.22400,
,,,0.274960000000,   0.27200,
,,,0.275000000000,  -0.20800,
,,,0.275040000000,   0.07200,
,,,0.275080000000,   0.09600,
,,,0.275120000000,  -0.23200,
,,,0.275160000000,   0.28000,
,,,0.275200000000,  -0.21600,
,,,0.275240000000,   0.08000,
,,,0.275280000000,   0.10400,
,,,0.275320000000,  -0.25600,
,,,0.275360000000,   0.27200,
,,,0.275400000000,  -0.21600,
,,,0.275440000000,   0.08800,
,,,0.275480000000,   0.08000,
,,,0.275520000000,  -0.21600,
,,,0.275560000000,   0.28800,
,,,0.275600000000,  -0.21600,
,,,0.275640000000,   0.08800,
,,,0.275680000000,   0.09600,
,,,0.275720000000,  -0.22400,
,,,0.275760000000,   0.28000,
,,,0.275800000000,  -0.22400,
,,,0.275840000000,   0.09600,
,,,0.275880000000,   0.08000,
,,,0.275920000000,  -0.22400,
,,,0.275960000000,   0.28000,
,,,0.276000000000,  -0.21600,
,,,0.276040000000,   0.08000,
,,,0.276080000000,   0.09600,
,,,0.276120000000,  -0.23200,
,,,0.276160000000,   0.28000,
,,,0.276200000000,  -0.21600,
,,,0.276240000000,   0.08000,
,,,0.276280000000,   0.08800,
,,,0.276320000000,  -0.22400,
,,,0.276360000000,   0.28000,
,,,0.276400000000,  -0.20800,
,,,0.276440000000,   0.10400,
,,,0.276480000000,   0.08000,
,,,0.276520000000,  -0.22400,
,,,0.276560000000,   0.28000,
,,,0.276600000000,  -0.21600,
,,,0.276640000000,   0.08800,
,,,0.276680000000,   0.08800,
,,,0.276720000000,  -0.23200,
,,,0.276760000000,   0.28000,
,,,0.276800000000,  -0.21600,
,,,0.276840000000,   0.08800,
,,,0.276880000000,   0.08000,
,,,0.276920000000,  -0.22400,
,,,0.276960000000,   0.28000,
,,,0.277000000000,  -0.20800,
,,,0.277040000000,   0.07200,
,,,0.277080000000,   0.07200,
,,,0.277120000000,  -0.23200,
,,,0.277160000000,   0.28000,
,,,0.277200000000,  -0.21600,
,,,0.277240000000,   0.08800,
,,,0.277280000000,   0.08000,
,,,0.277320000000,  -0.22400,
,,,0.277360000000,   0.28000,
,,,0.277400000000,  -0.21600,
,,,0.277440000000,   0.10400,
,,,0.277480000000,   0.06400,
,,,0.277520000000,  -0.22400,
,,,0.277560000000,   0.27200,
,,,0.277600000000,  -0.21600,
,,,0.277640000000,   0.09600,
,,,0.277680000000,   0.08800,
,,,0.277720000000,  -0.22400,
,,,0.277760000000,   0.28000,
,,,0.277800000000,  -0.22400,
,,,0.277840000000,   0.09600,
,,,0.277880000000,   0.07200,
,,,0.277920000000,  -0.22400,
,,,0.277960000000,   0.28000,
,,,0.278000000000,  -0.22400,
,,,0.278040000000,   0.08800,
,,,0.278080000000,   0.06400,
,,,0.278120000000,  -0.22400,
,,,0.278160000000,   0.28000,
,,,0.278200000000,  -0.22400,
,,,0.278240000000,   0.09600,
,,,0.278280000000,   0.08000,
,,,0.278320000000,  -0.21600,
,,,0.278360000000,   0.27200,
,,,0.278400000000,  -0.24000,
,,,0.278440000000,   0.10400,
,,,0.278480000000,   0.07200,
,,,0.278520000000,  -0.21600,
,,,0.278560000000,   0.28000,
,,,0.278600000000,  -0.22400,
,,,0.278640000000,   0.08000,
,,,0.278680000000,   0.08000,
,,,0.278720000000,  -0.21600,
,,,0.278760000000,   0.27200,
,,,0.278800000000,  -0.23200,
,,,0.278840000000,   0.10400,
,,,0.278880000000,   0.07200,
,,,0.278920000000,  -0.21600,
,,,0.278960000000,   0.27200,
,,,0.279000000000,  -0.21600,
,,,0.279040000000,   0.09600,
,,,0.279080000000,   0.07200,
,,,0.279120000000,  -0.21600,
,,,0.279160000000,   0.28000,
,,,0.279200000000,  -0.23200,
,,,0.279240000000,   0.09600,
,,,0.279280000000,   0.07200,
,,,0.279320000000,  -0.21600,
,,,0.279360000000,   0.28000,
,,,0.279400000000,  -0.24000,
,,,0.279440000000,   0.11200,
,,,0.279480000000,   0.07200,
,,,0.279520000000,  -0.21600,
,,,0.279560000000,   0.28800,
,,,0.279600000000,  -0.22400,
,,,0.279640000000,   0.10400,
,,,0.279680000000,   0.08000,
,,,0.279720000000,  -0.20800,
,,,0.279760000000,   0.26400,
,,,0.279800000000,  -0.23200,
,,,0.279840000000,   0.09600,
,,,0.279880000000,   0.06400,
,,,0.279920000000,  -0.21600,
,,,0.279960000000,   0.28000,
,,,0.280000000000,  -0.21600,
,,,0.280040000000,   0.09600,
,,,0.280080000000,   0.04800,
,,,0.280120000000,  -0.20000,
,,,0.280160000000,   0.28000,
,,,0.280200000000,  -0.23200,
,,,0.280240000000,   0.10400,
,,,0.280280000000,   0.07200,
,,,0.280320000000,  -0.21600,
,,,0.280360000000,   0.26400,
,,,0.280400000000,  -0.23200,
,,,0.280440000000,   0.11200,
,,,0.280480000000,   0.05600,
,,,0.280520000000,  -0.20000,
,,,0.280560000000,   0.27200,
,,,0.280600000000,  -0.24800,
,,,0.280640000000,   0.11200,
,,,0.280680000000,   0.07200,
,,,0.280720000000,  -0.20000,
,,,0.280760000000,   0.27200,
,,,0.280800000000,  -0.24000,
,,,0.280840000000,   0.10400,
,,,0.280880000000,   0.06400,
,,,0.280920000000,  -0.20800,
,,,0.280960000000,   0.28800,
,,,0.281000000000,  -0.22400,
,,,0.281040000000,   0.13600,
,,,0.281080000000,   0.07200,
,,,0.281120000000,  -0.19200,
,,,0.281160000000,   0.28000,
,,,0.281200000000,  -0.22400,
,,,0.281240000000,   0.11200,
,,,0.281280000000,   0.11200,
,,,0.281320000000,  -0.21600,
,,,0.281360000000,   0.27200,
,,,0.281400000000,  -0.23200,
,,,0.281440000000,   0.11200,
,,,0.281480000000,   0.04000,
,,,0.281520000000,  -0.21600,
,,,0.281560000000,   0.27200,
,,,0.281600000000,  -0.24000,
,,,0.281640000000,   0.09600,
,,,0.281680000000,   0.06400,
,,,0.281720000000,  -0.19200,
,,,0.281760000000,   0.27200,
,,,0.281800000000,  -0.24000,
,,,0.281840000000,   0.12800,
,,,0.281880000000,   0.06400,
,,,0.281920000000,  -0.19200,
,,,0.281960000000,   0.28800,
,,,0.282000000000,  -0.21600,
,,,0.282040000000,   0.12800,
,,,0.282080000000,   0.04800,
,,,0.282120000000,  -0.24800,
,,,0.282160000000,   0.28000,
,,,0.282200000000,  -0.22400,
,,,0.282240000000,   0.13600,
,,,0.282280000000,   0.05600,
,,,0.282320000000,  -0.23200,
,,,0.282360000000,   0.26400,
,,,0.282400000000,  -0.25600,
,,,0.282440000000,   0.11200,
,,,0.282480000000,   0.04000,
,,,0.282520000000,  -0.19200,
,,,0.282560000000,   0.26400,
,,,0.282600000000,  -0.22400,
,,,0.282640000000,   0.09600,
,,,0.282680000000,   0.07200,
,,,0.282720000000,  -0.19200,
,,,0.282760000000,   0.27200,
,,,0.282800000000,  -0.23200,
,,,0.282840000000,   0.12800,
,,,0.282880000000,   0.04800,
,,,0.282920000000,  -0.20800,
,,,0.282960000000,   0.28000,
,,,0.283000000000,  -0.23200,
,,,0.283040000000,   0.12800,
,,,0.283080000000,   0.04000,
,,,0.283120000000,  -0.20000,
,,,0.283160000000,   0.28000,
,,,0.283200000000,  -0.24000,
,,,0.283240000000,   0.12000,
,,,0.283280000000,   0.04800,
,,,0.283320000000,  -0.20800,
,,,0.283360000000,   0.27200,
,,,0.283400000000,  -0.24000,
,,,0.283440000000,   0.12800,
,,,0.283480000000,   0.04000,
,,,0.283520000000,  -0.20000,
,,,0.283560000000,   0.27200,
,,,0.283600000000,  -0.21600,
,,,0.283640000000,   0.12000,
,,,0.283680000000,   0.02400,
,,,0.283720000000,  -0.14400,
,,,0.283760000000,   0.27200,
,,,0.283800000000,  -0.22400,
,,,0.283840000000,   0.13600,
,,,0.283880000000,   0.04800,
,,,0.283920000000,  -0.20000,
,,,0.283960000000,   0.28000,
,,,0.284000000000,  -0.23200,
,,,0.284040000000,   0.13600,
,,,0.284080000000,   0.04000,
,,,0.284120000000,  -0.20800,
,,,0.284160000000,   0.28000,
,,,0.284200000000,  -0.24000,
,,,0.284240000000,   0.12000,
,,,0.284280000000,   0.04800,
,,,0.284320000000,  -0.20000,
,,,0.284360000000,   0.27200,
,,,0.284400000000,  -0.24000,
,,,0.284440000000,   0.12800,
,,,0.284480000000,   0.02400,
,,,0.284520000000,  -0.19200,
,,,0.284560000000,   0.28000,
,,,0.284600000000,  -0.23200,
,,,0.284640000000,   0.12800,
,,,0.284680000000,   0.02400,
,,,0.284720000000,  -0.17600,
,,,0.284760000000,   0.27200,
,,,0.284800000000,  -0.25600,
,,,0.284840000000,   0.13600,
,,,0.284880000000,   0.04000,
,,,0.284920000000,  -0.20800,
,,,0.284960000000,   0.26400,
,,,0.285000000000,  -0.24800,
,,,0.285040000000,   0.13600,
,,,0.285080000000,   0.03200,
,,,0.285120000000,  -0.17600,
,,,0.285160000000,   0.28000,
,,,0.285200000000,  -0.24000,
,,,0.285240000000,   0.13600,
,,,0.285280000000,   0.04000,
,,,0.285320000000,  -0.20800,
,,,0.285360000000,   0.27200,
,,,0.285400000000,  -0.25600,
,,,0.285440000000,   0.12800,
,,,0.285480000000,   0.03200,
,,,0.285520000000,  -0.16800,
,,,0.285560000000,   0.28000,
,,,0.285600000000,  -0.24800,
,,,0.285640000000,   0.12000,
,,,0.285680000000,   0.02400,
,,,0.285720000000,  -0.19200,
,,,0.285760000000,   0.28000,
,,,0.285800000000,  -0.24800,
,,,0.285840000000,   0.12800,
,,,0.285880000000,   0.04000,
,,,0.285920000000,  -0.20000,
,,,0.285960000000,   0.28800,
,,,0.286000000000,  -0.25600,
,,,0.286040000000,   0.14400,
,,,0.286080000000,   0.03200,
,,,0.286120000000,  -0.16000,
,,,0.286160000000,   0.27200,
,,,0.286200000000,  -0.24000,
,,,0.286240000000,   0.13600,
,,,0.286280000000,   0.03200,
,,,0.286320000000,  -0.16000,
,,,0.286360000000,   0.26400,
,,,0.286400000000,  -0.25600,
,,,0.286440000000,   0.15200,
,,,0.286480000000,   0.02400,
,,,0.286520000000,  -0.16800,
,,,0.286560000000,   0.28000,
,,,0.286600000000,  -0.24800,
,,,0.286640000000,   0.13600,
,,,0.286680000000,   0.00800,
,,,0.286720000000,  -0.17600,
,,,0.286760000000,   0.27200,
,,,0.286800000000,  -0.24000,
,,,0.286840000000,   0.13600,
,,,0.286880000000,   0.03200,
,,,0.286920000000,  -0.18400,
,,,0.286960000000,   0.26400,
,,,0.287000000000,  -0.25600,
,,,0.287040000000,   0.15200,
,,,0.287080000000,   0.02400,
,,,0.287120000000,  -0.19200,
,,,0.287160000000,   0.28000,
,,,0.287200000000,  -0.25600,
,,,0.287240000000,   0.13600,
,,,0.287280000000,   0.03200,
,,,0.287320000000,  -0.15200,
,,,0.287360000000,   0.26400,
,,,0.287400000000,  -0.24000,
,,,0.287440000000,   0.14400,
,,,0.287480000000,   0.03200,
,,,0.287520000000,  -0.18400,
,,,0.287560000000,   0.26400,
,,,0.287600000000,  -0.24000,
,,,0.287640000000,   0.15200,
,,,0.287680000000,   0.01600,
,,,0.287720000000,  -0.17600,
,,,0.287760000000,   0.27200,
,,,0.287800000000,  -0.24000,
,,,0.287840000000,   0.15200,
,,,0.287880000000,   0.02400,
,,,0.287920000000,  -0.15200,
,,,0.287960000000,   0.27200,
,,,0.288000000000,  -0.25600,
,,,0.288040000000,   0.15200,
,,,0.288080000000,   0.02400,
,,,0.288120000000,  -0.16000,
,,,0.288160000000,   0.26400,
,,,0.288200000000,  -0.23200,
,,,0.288240000000,   0.14400,
,,,0.288280000000,   0.03200,
,,,0.288320000000,  -0.16000,
,,,0.288360000000,   0.28000,
,,,0.288400000000,  -0.24000,
,,,0.288440000000,   0.15200,
,,,0.288480000000,   0.02400,
,,,0.288520000000,  -0.17600,
,,,0.288560000000,   0.26400,
,,,0.288600000000,  -0.24000,
,,,0.288640000000,   0.16000,
,,,0.288680000000,   0.00000,
,,,0.288720000000,  -0.15200,
,,,0.288760000000,   0.27200,
,,,0.288800000000,  -0.24000,
,,,0.288840000000,   0.15200,
,,,0.288880000000,   0.01600,
,,,0.288920000000,  -0.20800,
,,,0.288960000000,   0.25600,
,,,0.289000000000,  -0.24800,
,,,0.289040000000,   0.15200,
,,,0.289080000000,   0.00800,
,,,0.289120000000,  -0.15200,
,,,0.289160000000,   0.27200,
,,,0.289200000000,  -0.24000,
,,,0.289240000000,   0.14400,
,,,0.289280000000,   0.03200,
,,,0.289320000000,  -0.16000,
,,,0.289360000000,   0.26400,
,,,0.289400000000,  -0.25600,
,,,0.289440000000,   0.16000,
,,,0.289480000000,   0.01600,
,,,0.289520000000,  -0.17600,
,,,0.289560000000,   0.28000,
,,,0.289600000000,  -0.24000,
,,,0.289640000000,   0.17600,
,,,0.289680000000,   0.00000,
,,,0.289720000000,  -0.16800,
,,,0.289760000000,   0.26400,
,,,0.289800000000,  -0.25600,
,,,0.289840000000,   0.15200,
,,,0.289880000000,   0.02400,
,,,0.289920000000,  -0.16800,
,,,0.289960000000,   0.26400,
,,,0.290000000000,  -0.26400,
,,,0.290040000000,   0.16800,
,,,0.290080000000,   0.00800,
,,,0.290120000000,  -0.16800,
,,,0.290160000000,   0.26400,
,,,0.290200000000,  -0.25600,
,,,0.290240000000,   0.14400,
,,,0.290280000000,   0.00000,
,,,0.290320000000,  -0.16000,
,,,0.290360000000,   0.25600,
,,,0.290400000000,  -0.24800,
,,,0.290440000000,   0.16000,
,,,0.290480000000,   0.00000,
,,,0.290520000000,  -0.14400,
,,,0.290560000000,   0.27200,
,,,0.290600000000,  -0.24800,
,,,0.290640000000,   0.16000,
,,,0.290680000000,   0.00000,
,,,0.290720000000,  -0.15200,
,,,0.290760000000,   0.27200,
,,,0.290800000000,  -0.25600,
,,,0.290840000000,   0.16000,
,,,0.290880000000,   0.00800,
,,,0.290920000000,  -0.15200,
,,,0.290960000000,   0.25600,
,,,0.291000000000,  -0.25600,
,,,0.291040000000,   0.16800,
,,,0.291080000000,  -0.04000,
,,,0.291120000000,  -0.15200,
,,,0.291160000000,   0.26400,
,,,0.291200000000,  -0.25600,
,,,0.291240000000,   0.15200,
,,,0.291280000000,  -0.01600,
,,,0.291320000000,  -0.14400,
,,,0.291360000000,   0.24800,
,,,0.291400000000,  -0.24000,
,,,0.291440000000,   0.16800,
,,,0.291480000000,   0.00000,
,,,0.291520000000,  -0.13600,
,,,0.291560000000,   0.26400,
,,,0.291600000000,  -0.25600,
,,,0.291640000000,   0.16800,
,,,0.291680000000,  -0.00800,
,,,0.291720000000,  -0.16000,
,,,0.291760000000,   0.27200,
,,,0.291800000000,  -0.24800,
,,,0.291840000000,   0.13600,
,,,0.291880000000,   0.01600,
,,,0.291920000000,  -0.15200,
,,,0.291960000000,   0.24000,
